,Model,Scenario,Region,Year,CAPCOST,OMCOST,FUELCOST,CAPCOST_MWh,OMCOST_MWh,FUELCOST_MWh,CAPCOST_p,OMCOST_p,FUELCOST_p,Variable
100,CD_Links_SSP2_v2,NPi_v3,Asia (No Japan),2020,598955.676833503,72314.1471206809,174762.25746353,58.3237841171,7.0416474347,17.0176134401,70.79585869,8.5474474,20.65669391,Aggregate
101,CD_Links_SSP2_v2,NPi_v3,Asia (No Japan),2030,786356.859698328,90794.9047344227,216877.542869426,57.9482473187,6.6908624627,15.982150263,71.87712929,8.29912911,19.8237416,Aggregate
102,CD_Links_SSP2_v2,NPi_v3,Asia (No Japan),2040,946375.893136643,103568.15342658,292597.794074397,57.8685685177,6.3329389794,17.8916386367,70.49135189,7.71433339,21.79431473,Aggregate
103,CD_Links_SSP2_v2,NPi_v3,Asia (No Japan),2050,1130773.5047962,113261.112748724,337695.549037284,60.8764884718,6.0975418997,18.1802271726,71.48965915,7.16058372,21.34975713,Aggregate
104,CD_Links_SSP2_v2,NPi_v3,Asia (No Japan),2060,1541163.40797724,140817.638944837,421577.427503355,67.4623276812,6.1641002197,18.453977307,73.26458602,6.69425836,20.04115562,Aggregate
105,CD_Links_SSP2_v2,NPi_v3,Asia (No Japan),2070,1909823.44264434,164551.514387072,457896.189684261,77.5494376314,6.6817052913,18.5931281451,75.41938963,6.4981791,18.08243127,Aggregate
106,CD_Links_SSP2_v2,NPi_v3,Asia (No Japan),2080,2276537.64320602,191931.657532689,537520.113967753,83.107226743,7.0066523298,19.6226959496,75.73338855,6.3849745,17.88163695,Aggregate
107,CD_Links_SSP2_v2,NPi_v3,Asia (No Japan),2090,2612084.12314549,215766.657403989,580032.958412326,85.4178044826,7.0557888977,18.9676670043,76.64827568,6.33139725,17.02032707,Aggregate
108,CD_Links_SSP2_v2,NPi_v3,Asia (No Japan),2100,3091748.40290213,250782.418431254,738250.923752811,87.587183911,7.1044997659,20.9141595644,75.7636305,6.14545041,18.09091909,Aggregate
109,CD_Links_SSP2_v2,NPi_v3,Asia (No Japan),2110,3471996.0062408,303380.091907624,844933.553943742,88.3475222485,7.719732215,21.4999630822,75.14639208,6.56622856,18.28737937,Aggregate
110,CD_Links_SSP2_v2,NPi_v3,Latin America,2020,70411.2780009998,9568.5321383526,13053.477612394,48.8261586192,6.6352249413,9.051833549,75.68396184,10.28506287,14.03097529,Aggregate
111,CD_Links_SSP2_v2,NPi_v3,Latin America,2030,96010.7567568558,12208.6723082222,21074.5889468822,46.7169379432,5.9404988134,10.2544787404,74.25769439,9.44256548,16.29974014,Aggregate
112,CD_Links_SSP2_v2,NPi_v3,Latin America,2040,129051.203025966,15716.4296845237,31659.5408561304,48.414729486,5.8961611656,11.8773639475,73.14701042,8.90816838,17.94482121,Aggregate
113,CD_Links_SSP2_v2,NPi_v3,Latin America,2050,179181.953230789,19789.1075753595,42392.4985848908,52.1340709287,5.7577603065,12.3343533666,74.23736776,8.19887958,17.56375266,Aggregate
114,CD_Links_SSP2_v2,NPi_v3,Latin America,2060,287440.994551932,25958.4724004974,78979.7635626769,55.4070943222,5.0037522692,15.2241304901,73.25591474,6.61565913,20.12842613,Aggregate
115,CD_Links_SSP2_v2,NPi_v3,Latin America,2070,449363.497672942,31472.5048685202,102231.780613545,71.9911538914,5.0421139079,16.3782414211,77.06882641,5.39774376,17.53342983,Aggregate
116,CD_Links_SSP2_v2,NPi_v3,Latin America,2080,548409.349155869,36471.0285882576,131042.579069951,75.6753297103,5.0326587567,18.082642815,76.60172703,5.09426723,18.30400573,Aggregate
117,CD_Links_SSP2_v2,NPi_v3,Latin America,2090,623678.417722749,40521.4113514702,146058.777994928,75.5576490142,4.9091045793,17.6947888039,76.97276058,5.0010467,18.02619271,Aggregate
118,CD_Links_SSP2_v2,NPi_v3,Latin America,2100,698000.597236791,44443.8232149141,174360.054975954,75.3914235999,4.8004014834,18.8327242349,76.13407394,4.84768829,19.01823776,Aggregate
119,CD_Links_SSP2_v2,NPi_v3,Latin America,2110,881020.276820754,62392.5351945459,239320.370040557,84.2811850842,5.9686671748,22.8941432252,74.49019696,5.27528407,20.23451897,Aggregate
120,CD_Links_SSP2_v2,NPi_v3,Middle East + Africa,2020,83156.8277085972,9090.1849096732,32461.834924792,36.891369861,4.0327340863,14.4012415045,66.68077634,7.2891259,26.03009776,Aggregate
121,CD_Links_SSP2_v2,NPi_v3,Middle East + Africa,2030,117077.204902585,12089.6996893456,44989.3132268283,35.6154201266,3.6777418286,13.6859544359,67.22539475,6.94187083,25.83273442,Aggregate
122,CD_Links_SSP2_v2,NPi_v3,Middle East + Africa,2040,171300.511838839,16208.4853829356,72007.1629587146,35.4669707228,3.3558911784,14.9087466994,66.00764735,6.24565552,27.74669713,Aggregate
123,CD_Links_SSP2_v2,NPi_v3,Middle East + Africa,2050,298938.377977254,26016.7876105077,112362.125273883,40.4260128101,3.5183003144,15.1949466858,68.35731955,5.94917881,25.69350163,Aggregate
124,CD_Links_SSP2_v2,NPi_v3,Middle East + Africa,2060,518172.144745089,42555.9914378903,223545.880126303,46.1145062751,3.7872520824,19.8943690748,66.07029354,5.42616363,28.50354283,Aggregate
125,CD_Links_SSP2_v2,NPi_v3,Middle East + Africa,2070,822390.88663961,63260.459658504,324955.380488356,54.5083195147,4.1929226159,21.5381420143,67.93212597,5.22551695,26.84235708,Aggregate
126,CD_Links_SSP2_v2,NPi_v3,Middle East + Africa,2080,1215498.78275088,88313.4615417389,411145.104302288,62.3004578383,4.5265113922,21.0732652303,70.87632726,5.14960104,23.9740717,Aggregate
127,CD_Links_SSP2_v2,NPi_v3,Middle East + Africa,2090,1833807.00886453,131909.783291612,528941.810303632,74.7791218627,5.3790271888,21.5692294226,73.50933739,5.28768879,21.20297382,Aggregate
128,CD_Links_SSP2_v2,NPi_v3,Middle East + Africa,2100,2624373.6605713,181798.281445935,679431.000497022,84.4459904756,5.8498285416,21.8624446125,75.29181332,5.21569107,19.49249561,Aggregate
129,CD_Links_SSP2_v2,NPi_v3,Middle East + Africa,2110,3720601.83930212,253100.269139455,969798.127873687,93.3546942207,6.3506118777,24.3334846333,75.26249947,5.11985955,19.61764097,Aggregate
130,CD_Links_SSP2_v2,NPi_v3,OECD90 + EU,2020,745559.816289061,71284.2479029735,154976.162221477,80.6574608634,7.7117976449,16.7659032395,76.71787395,7.33512701,15.94699904,Aggregate
131,CD_Links_SSP2_v2,NPi_v3,OECD90 + EU,2030,764170.517158643,70563.7573514501,149972.194340157,75.897153929,7.0083682022,14.8951869554,77.60388921,7.1659687,15.23014209,Aggregate
132,CD_Links_SSP2_v2,NPi_v3,OECD90 + EU,2040,779954.655828627,72669.6743057908,178817.759002887,69.3589078412,6.4622849615,15.90169938,75.61788142,7.04544395,17.33667463,Aggregate
133,CD_Links_SSP2_v2,NPi_v3,OECD90 + EU,2050,714031.097635328,73261.5701591324,268076.245893658,55.5184909958,5.6963510927,20.8438941849,67.65701437,6.94179724,25.40118838,Aggregate
134,CD_Links_SSP2_v2,NPi_v3,OECD90 + EU,2060,893115.454475265,80849.6487594793,309772.506442301,59.1281858048,5.3526036641,20.5083074381,69.57149559,6.29798863,24.13051578,Aggregate
135,CD_Links_SSP2_v2,NPi_v3,OECD90 + EU,2070,1173425.62970173,92692.7929289626,358597.061326397,65.0531136302,5.1387617915,19.8801311199,72.22345335,5.70517077,22.07137587,Aggregate
136,CD_Links_SSP2_v2,NPi_v3,OECD90 + EU,2080,1321432.09204056,101457.186453784,383504.842613335,72.7479102821,5.5854541009,21.1128336077,73.15303325,5.61655872,21.23040803,Aggregate
137,CD_Links_SSP2_v2,NPi_v3,OECD90 + EU,2090,1526649.85976071,107854.713940284,366761.555990384,80.0317227569,5.6540787718,19.2267788054,76.28420014,5.38932391,18.32647595,Aggregate
138,CD_Links_SSP2_v2,NPi_v3,OECD90 + EU,2100,1629461.69162135,117081.637520282,455551.448767377,79.5436176974,5.7154439789,22.2381480145,73.99598364,5.31683008,20.68718628,Aggregate
139,CD_Links_SSP2_v2,NPi_v3,OECD90 + EU,2110,1767654.16521662,135832.840828804,487151.633781483,78.5078708762,6.0328243716,21.6361539008,73.94066739,5.68186419,20.37746842,Aggregate
140,CD_Links_SSP2_v2,NPi_v3,Central Asia,2020,118475.943835373,13223.0750947088,34732.2631145476,55.1774334829,6.1583417094,16.175749065,71.18610298,7.94506593,20.86883108,Aggregate
141,CD_Links_SSP2_v2,NPi_v3,Central Asia,2030,127792.846577466,13773.5700481343,27420.5371848789,53.2162028473,5.7356660975,11.4186115115,75.6229068,8.15067065,16.22642255,Aggregate
142,CD_Links_SSP2_v2,NPi_v3,Central Asia,2040,115132.859745279,12657.8897105153,31193.9555130623,45.364555419,4.9874513717,12.291016889,72.41756983,7.9617028,19.62072736,Aggregate
143,CD_Links_SSP2_v2,NPi_v3,Central Asia,2050,114509.674584005,13354.5759361807,39225.5240821493,41.2237738406,4.8076812735,14.1212883489,68.53182659,7.99245553,23.47571787,Aggregate
144,CD_Links_SSP2_v2,NPi_v3,Central Asia,2060,133031.796205271,14639.6569109904,57907.1341889691,43.0554115157,4.7380887181,18.7415006286,64.7109205,7.12119735,28.16788215,Aggregate
145,CD_Links_SSP2_v2,NPi_v3,Central Asia,2070,172211.929998063,18211.4474850225,78091.2122105672,43.7157333274,4.6229479094,19.8233340062,64.13503646,6.78229347,29.08267007,Aggregate
146,CD_Links_SSP2_v2,NPi_v3,Central Asia,2080,216321.107365791,21557.1111492327,91888.6414273878,50.5822007939,5.0406829827,21.4862514711,65.59819486,6.53707627,27.86472887,Aggregate
147,CD_Links_SSP2_v2,NPi_v3,Central Asia,2090,274313.587773095,27515.8491689867,85001.5385933109,59.3824551456,5.9565357018,18.4008385943,70.9130357,7.11314525,21.97381905,Aggregate
148,CD_Links_SSP2_v2,NPi_v3,Central Asia,2100,328358.383272586,34514.666754259,107864.678799294,66.8999155507,7.0320369716,21.9764083093,69.75399743,7.33203749,22.91396508,Aggregate
149,CD_Links_SSP2_v2,NPi_v3,Central Asia,2110,365433.897878739,43628.1688086677,97955.6247979731,69.6711718847,8.3178535591,18.6755613313,72.07517687,8.60486124,19.3199619,Aggregate
170,CD_Links_SSP2_v2,NPi_v3,World,2020,1616559.54266753,175480.187166389,409985.995336741,63.753545326,6.9205518084,16.1689440116,73.41238225,7.96903438,18.61858336,Aggregate
171,CD_Links_SSP2_v2,NPi_v3,World,2030,1891408.18509388,199430.604131575,460334.176568173,60.2699101172,6.354876055,14.6685943649,74.13876717,7.81721219,18.04402064,Aggregate
172,CD_Links_SSP2_v2,NPi_v3,World,2040,2141815.12357535,220820.632510345,606276.212405192,56.9140852362,5.8678287226,16.1104736117,72.14141565,7.43776289,20.42082146,Aggregate
173,CD_Links_SSP2_v2,NPi_v3,World,2050,2437434.60822358,245683.154029904,799751.942871865,54.1105884634,5.4541196696,17.7543422529,69.98351402,7.05404379,22.9624422,Aggregate
174,CD_Links_SSP2_v2,NPi_v3,World,2060,3372923.7979548,304821.408453694,1091782.71182361,58.6965420307,5.3045854828,18.9995012255,70.71818964,6.39101843,22.89079193,Aggregate
175,CD_Links_SSP2_v2,NPi_v3,World,2070,4527215.38665669,370188.719328081,1321771.62432313,66.6415169406,5.4492520685,19.4567429581,72.79445996,5.95237593,21.25316411,Aggregate
176,CD_Links_SSP2_v2,NPi_v3,World,2080,5578198.97451912,439730.445265702,1555101.28138072,72.8309227473,5.741274959,20.3039478882,73.65873974,5.80653192,20.53472834,Aggregate
177,CD_Links_SSP2_v2,NPi_v3,World,2090,6870532.99726658,523568.415156341,1706796.64129458,78.9241013615,6.0144048044,19.606541614,75.49291242,5.75293133,18.75415625,Aggregate
178,CD_Links_SSP2_v2,NPi_v3,World,2100,8371942.73560415,628620.827366644,2155458.10679246,82.8672790526,6.2222233435,21.335185161,75.04415986,5.63481182,19.32102833,Aggregate
179,CD_Links_SSP2_v2,NPi_v3,World,2110,10206706.185459,798333.905879096,2639159.31043744,86.9633755356,6.8019799922,22.4862162231,74.80619335,5.85108648,19.34272018,Aggregate
95,CD_Links_SSP2_v2,NPi2020_400_v3,Asia (No Japan),2020,598955.676833503,72314.1471206809,174762.25746353,58.3237841171,7.0416474347,17.0176134401,70.79585869,8.5474474,20.65669391,Aggregate
96,CD_Links_SSP2_v2,NPi2020_400_v3,Asia (No Japan),2030,1304155.81315002,116862.588837091,415911.169638741,92.9853150889,8.3322134791,29.6541492726,70.99650598,6.36184373,22.64165029,Aggregate
97,CD_Links_SSP2_v2,NPi2020_400_v3,Asia (No Japan),2040,2168270.38411513,182687.399127948,566049.382497856,105.9737777019,8.9288097859,27.6655494022,74.33202118,6.26283683,19.40514199,Aggregate
98,CD_Links_SSP2_v2,NPi2020_400_v3,Asia (No Japan),2050,3058303.13494854,273801.404747656,517790.885288985,113.5515818149,10.1659584549,19.2250314895,79.4386028,7.11191797,13.44947922,Aggregate
99,CD_Links_SSP2_v2,NPi2020_400_v3,Asia (No Japan),2060,3982928.97373844,404604.072563157,546797.16024447,113.6256479092,11.5426110269,15.5991186429,80.71873602,8.19977698,11.081487,Aggregate
100,CD_Links_SSP2_v2,NPi2020_400_v3,Asia (No Japan),2070,5233299.56398802,525176.820978868,761952.71865643,117.6138240803,11.8028890719,17.1242199904,80.26004855,8.05432913,11.68562232,Aggregate
101,CD_Links_SSP2_v2,NPi2020_400_v3,Asia (No Japan),2080,5910039.40149934,571833.545666399,1097689.01697412,122.6307324195,11.8652959419,22.7765669525,77.97336349,7.54441415,14.48222235,Aggregate
102,CD_Links_SSP2_v2,NPi2020_400_v3,Asia (No Japan),2090,6475758.29673002,566706.420212628,1371311.77952262,132.1823732594,11.5675409941,27.9910455564,76.96613167,6.73545845,16.29840988,Aggregate
103,CD_Links_SSP2_v2,NPi2020_400_v3,Asia (No Japan),2100,7132176.2101538,518152.201490445,1598388.9495607,147.3288632873,10.7034336514,33.0178083226,77.11530077,5.60242227,17.28227696,Aggregate
104,CD_Links_SSP2_v2,NPi2020_400_v3,Asia (No Japan),2110,8209605.10626226,436181.360907566,977504.787990578,172.8040101646,9.181183181,20.5755021263,85.30974371,4.53255907,10.15769722,Aggregate
105,CD_Links_SSP2_v2,NPi2020_400_v3,Latin America,2020,70411.2780009998,9568.5321383526,13053.477612394,48.8261586192,6.6352249413,9.051833549,75.68396184,10.28506287,14.03097529,Aggregate
106,CD_Links_SSP2_v2,NPi2020_400_v3,Latin America,2030,178286.637198862,19648.9341703365,35509.3076636809,80.0168794073,8.8186440705,15.9369430811,76.37204891,8.41694804,15.21100305,Aggregate
107,CD_Links_SSP2_v2,NPi2020_400_v3,Latin America,2040,352629.93194103,31332.8403496638,66751.5677457115,95.5146039936,8.4869251499,18.0805682719,78.23801034,6.95181794,14.81017172,Aggregate
108,CD_Links_SSP2_v2,NPi2020_400_v3,Latin America,2050,495658.501280666,40582.501706327,84967.3259097411,104.8468939272,8.5844371492,17.9731815028,79.78941657,6.53283284,13.6777506,Aggregate
109,CD_Links_SSP2_v2,NPi2020_400_v3,Latin America,2060,615442.730467855,48356.0337252761,117360.955994778,111.5815329399,8.7670876636,21.2778780687,78.78577384,6.19028766,15.02393851,Aggregate
110,CD_Links_SSP2_v2,NPi2020_400_v3,Latin America,2070,789739.827492713,57609.8981880063,105720.876569208,118.1470041939,8.6185812667,15.8161009646,82.86267834,6.04466217,11.09265949,Aggregate
111,CD_Links_SSP2_v2,NPi2020_400_v3,Latin America,2080,1036348.75131313,69630.9670319246,101744.762940885,126.2734939734,8.4841569836,12.3970494428,85.81003096,5.76546788,8.42450116,Aggregate
112,CD_Links_SSP2_v2,NPi2020_400_v3,Latin America,2090,1541922.81550675,89225.8432113164,40711.0363589234,138.1060136255,7.9917265601,3.6463815734,92.22800335,5.33692172,2.43507493,Aggregate
113,CD_Links_SSP2_v2,NPi2020_400_v3,Latin America,2100,1772122.09957256,100380.03333246,413.5632014839,144.5011262252,8.1851176454,0.0337224779,94.61835913,5.35955962,0.02208125,Aggregate
114,CD_Links_SSP2_v2,NPi2020_400_v3,Latin America,2110,2029826.19925727,112436.082373119,0,155.6047523881,8.6192545764,0,94.75152584,5.24847416,0,Aggregate
115,CD_Links_SSP2_v2,NPi2020_400_v3,Middle East + Africa,2020,83156.8277085972,9090.1849096732,32461.834924792,36.891369861,4.0327340863,14.4012415045,66.68077634,7.2891259,26.03009776,Aggregate
116,CD_Links_SSP2_v2,NPi2020_400_v3,Middle East + Africa,2030,209514.17528915,21395.668488523,144221.28915182,57.6004768963,5.8821829442,39.6498949166,55.85091636,5.70351715,38.44556649,Aggregate
117,CD_Links_SSP2_v2,NPi2020_400_v3,Middle East + Africa,2040,446691.686569273,43238.5495485867,310421.638763531,69.9411163054,6.7701112731,48.6045220748,55.81191231,5.40244246,38.78564523,Aggregate
118,CD_Links_SSP2_v2,NPi2020_400_v3,Middle East + Africa,2050,754784.621343771,71378.0420874808,510573.000190423,77.2375680536,7.3041583352,52.2472447549,56.46476277,5.33972752,38.19550971,Aggregate
119,CD_Links_SSP2_v2,NPi2020_400_v3,Middle East + Africa,2060,1336357.60900872,125684.056596043,834783.879077502,88.0564733286,8.2816865058,55.0063275635,58.18280853,5.47207675,36.34511472,Aggregate
120,CD_Links_SSP2_v2,NPi2020_400_v3,Middle East + Africa,2070,2297145.72632028,215926.876731777,1147239.83355087,101.2211010441,9.5145710424,50.5518120958,62.75818707,5.89913786,31.34267507,Aggregate
121,CD_Links_SSP2_v2,NPi2020_400_v3,Middle East + Africa,2080,3476184.74476183,295385.719589811,464469.391217303,120.1089983375,10.2061557449,16.048328105,82.062135,6.97315723,10.96470777,Aggregate
122,CD_Links_SSP2_v2,NPi2020_400_v3,Middle East + Africa,2090,4818785.86616872,364232.574669292,467862.981586873,136.2744442028,10.3004352242,13.2310854953,85.27494219,6.4455887,8.27946911,Aggregate
123,CD_Links_SSP2_v2,NPi2020_400_v3,Middle East + Africa,2100,6784112.85275009,450172.613389564,618531.766883935,154.1075512221,10.2260974401,14.0505351277,86.39081557,5.73262563,7.8765588,Aggregate
124,CD_Links_SSP2_v2,NPi2020_400_v3,Middle East + Africa,2110,9891417.74180432,600559.854189625,941062.601971388,173.2355165193,10.5180368737,16.4815065125,86.51607596,5.25284477,8.23107927,Aggregate
125,CD_Links_SSP2_v2,NPi2020_400_v3,OECD90 + EU,2020,745559.816289061,71284.2479029735,154976.162221477,80.6574608634,7.7117976449,16.7659032395,76.71787395,7.33512701,15.94699904,Aggregate
126,CD_Links_SSP2_v2,NPi2020_400_v3,OECD90 + EU,2030,912994.402385039,84861.8038986155,369408.330584388,88.040074003,8.1832259604,35.6220549403,66.77525656,6.20668507,27.01805837,Aggregate
127,CD_Links_SSP2_v2,NPi2020_400_v3,OECD90 + EU,2040,1417898.5112956,138241.823335679,542717.933190065,101.5349520668,9.8994228389,38.8637401713,67.55570555,6.58652494,25.85776951,Aggregate
128,CD_Links_SSP2_v2,NPi2020_400_v3,OECD90 + EU,2050,1827709.32487813,175620.170001097,699756.187790456,103.9884420525,9.9919979741,39.8129805404,67.61566371,6.49702564,25.88731065,Aggregate
129,CD_Links_SSP2_v2,NPi2020_400_v3,OECD90 + EU,2060,2433256.73844075,218279.390041312,773524.155450263,110.4161947102,9.9050705383,35.1009379372,71.04274193,6.3730087,22.58424937,Aggregate
130,CD_Links_SSP2_v2,NPi2020_400_v3,OECD90 + EU,2070,3207306.78722937,250085.714417686,664073.938772118,122.9253100149,9.5849465032,25.4517263897,77.81955364,6.06788186,16.11256451,Aggregate
131,CD_Links_SSP2_v2,NPi2020_400_v3,OECD90 + EU,2080,3622740.0472202,272392.063695085,495619.746760224,127.8269271458,9.6112445351,17.4877436513,82.50842144,6.20376811,11.28781044,Aggregate
132,CD_Links_SSP2_v2,NPi2020_400_v3,OECD90 + EU,2090,3896564.26058418,256739.253476419,380282.986538445,133.461483524,8.79359337,13.0250980475,85.94882352,5.66304963,8.38812685,Aggregate
133,CD_Links_SSP2_v2,NPi2020_400_v3,OECD90 + EU,2100,4121745.6417821,236441.43138516,301509.834715921,139.7684381689,8.0177314311,10.2242016741,88.45523053,5.07418049,6.47058898,Aggregate
134,CD_Links_SSP2_v2,NPi2020_400_v3,OECD90 + EU,2110,4660128.48902211,240161.74922642,151067.44287874,147.2620566248,7.5892141594,4.7737959114,92.25496952,4.75439999,2.99063049,Aggregate
135,CD_Links_SSP2_v2,NPi2020_400_v3,Central Asia,2020,118475.943835373,13223.0750947088,34732.2631145476,55.1774334829,6.1583417094,16.175749065,71.18610298,7.94506593,20.86883108,Aggregate
136,CD_Links_SSP2_v2,NPi2020_400_v3,Central Asia,2030,212633.974052315,25455.4658367181,76292.1155892633,77.8090227094,9.3149033601,27.9175281415,67.63563903,8.09699723,24.26736374,Aggregate
137,CD_Links_SSP2_v2,NPi2020_400_v3,Central Asia,2040,307661.333051072,37626.0031918822,98871.7661825138,85.6176527129,10.4707668081,27.5145675805,69.26827152,8.47128945,22.26043903,Aggregate
138,CD_Links_SSP2_v2,NPi2020_400_v3,Central Asia,2050,382069.345203552,48206.6101143605,97228.2170252709,92.803377332,11.7092257845,23.6164115891,72.42963473,9.13862158,18.43174369,Aggregate
139,CD_Links_SSP2_v2,NPi2020_400_v3,Central Asia,2060,490622.113670328,59637.1358152251,77149.7994464948,104.7720357878,12.7354718709,16.4752898889,78.19812521,9.50530374,12.29657105,Aggregate
140,CD_Links_SSP2_v2,NPi2020_400_v3,Central Asia,2070,708811.425759025,77655.0545272134,70487.7247452327,113.6916699791,12.4556863937,11.3060637118,82.71287096,9.0617508,8.22537824,Aggregate
141,CD_Links_SSP2_v2,NPi2020_400_v3,Central Asia,2080,869811.074470128,85880.1783951457,78525.7866862116,121.2107785604,11.9676600951,10.9428035819,84.10334013,8.30388353,7.59277634,Aggregate
142,CD_Links_SSP2_v2,NPi2020_400_v3,Central Asia,2090,925953.89647511,80280.1232298355,84741.515945309,132.2151873773,11.4630453805,12.1000791206,84.8739377,7.3585631,7.76749919,Aggregate
143,CD_Links_SSP2_v2,NPi2020_400_v3,Central Asia,2100,1048662.32514203,78704.3378509757,65602.801101128,139.5982206445,10.4771433641,8.7330631448,87.90353456,6.59734723,5.49911822,Aggregate
144,CD_Links_SSP2_v2,NPi2020_400_v3,Central Asia,2110,1102321.07323034,77075.5572273784,45917.8776370612,141.2760927163,9.8781868853,5.8849445011,89.9622967,6.29026725,3.74743605,Aggregate
164,CD_Links_SSP2_v2,NPi2020_400_v3,World,2020,1616559.54266753,175480.187166389,409985.995336741,63.753545326,6.9205518084,16.1689440116,73.41238225,7.96903438,18.61858336,Aggregate
165,CD_Links_SSP2_v2,NPi2020_400_v3,World,2030,2817585.00207539,268224.461231284,1041342.21262789,85.3972565239,8.1295269193,31.5616984032,68.26948034,6.49902117,25.23149849,Aggregate
166,CD_Links_SSP2_v2,NPi2020_400_v3,World,2040,4693151.84697211,433126.61555376,1584812.28837968,97.5766312751,9.0052564757,32.9502750701,69.93128273,6.45389299,23.61482428,Aggregate
167,CD_Links_SSP2_v2,NPi2020_400_v3,World,2050,6518524.92765465,609588.728656921,1910315.61620488,103.2622596734,9.6567107269,30.2619855578,72.12010772,6.74441001,21.13548227,Aggregate
168,CD_Links_SSP2_v2,NPi2020_400_v3,World,2060,8858608.16532609,856560.688741013,2349615.95021351,107.4229672299,10.3869918479,28.4923672559,73.4253309,7.09967648,19.47499262,Aggregate
169,CD_Links_SSP2_v2,NPi2020_400_v3,World,2070,12236303.3307894,1126454.36484355,2749475.09229385,115.219048504,10.6068799205,25.8895105373,75.94418162,6.99129897,17.06451942,Aggregate
170,CD_Links_SSP2_v2,NPi2020_400_v3,World,2080,14915124.0192646,1295122.47437837,2238048.70457874,123.4083981218,10.7159008352,18.5177143143,80.84825107,7.02028269,12.13146624,Aggregate
171,CD_Links_SSP2_v2,NPi2020_400_v3,World,2090,17658985.1354648,1357184.21479949,2344910.29995217,134.0683228932,10.3038430657,17.8027326507,82.66897285,6.35353754,10.97748961,Aggregate
172,CD_Links_SSP2_v2,NPi2020_400_v3,World,2100,20858819.1294006,1383850.61744861,2584446.91546317,147.2068018527,9.7662395159,18.2391995742,84.01627709,5.57394818,10.40977473,Aggregate
173,CD_Links_SSP2_v2,NPi2020_400_v3,World,2110,25893298.6095763,1466414.60392411,2115552.71047777,164.8217683711,9.3343475402,13.4663854181,87.84754878,4.97506827,7.17738295,Aggregate
95,CD_Links_SSP2_v2,NPi2020_1000_v3,Asia (No Japan),2020,598955.676833503,72314.1471206809,174762.25746353,58.3237841171,7.0416474347,17.0176134401,70.79585869,8.5474474,20.65669391,Aggregate
96,CD_Links_SSP2_v2,NPi2020_1000_v3,Asia (No Japan),2030,944802.101339145,102303.935324192,258370.214966776,71.9705628633,7.7930307288,19.68142299,72.37221666,7.83652213,19.79126121,Aggregate
97,CD_Links_SSP2_v2,NPi2020_1000_v3,Asia (No Japan),2040,1543535.43591,144725.655052401,375609.201857738,87.1195330346,8.1685403477,21.1999656814,74.7883935,7.01234257,18.19926393,Aggregate
98,CD_Links_SSP2_v2,NPi2020_1000_v3,Asia (No Japan),2050,2297345.88838534,215149.949576316,390663.5752173,102.009302979,9.5533269514,17.3466778375,79.13261249,7.41088996,13.45649755,Aggregate
99,CD_Links_SSP2_v2,NPi2020_1000_v3,Asia (No Japan),2060,2994999.50200407,293314.82318359,482836.70891569,106.0928197258,10.3901842515,17.103678275,79.41870996,7.77785935,12.80343069,Aggregate
100,CD_Links_SSP2_v2,NPi2020_1000_v3,Asia (No Japan),2070,3558435.28825164,379310.466197528,511744.142794265,109.8865119405,11.713323609,15.8029511014,79.97400535,8.5248079,11.50118676,Aggregate
101,CD_Links_SSP2_v2,NPi2020_1000_v3,Asia (No Japan),2080,4573333.05448787,451172.968054507,562936.625446475,119.5898598384,11.797896932,14.7204481574,81.85020129,8.07476687,10.07503183,Aggregate
102,CD_Links_SSP2_v2,NPi2020_1000_v3,Asia (No Japan),2090,5797710.88089799,543419.695367535,972823.590524579,125.4940251906,11.7625604899,21.0571983811,79.26917162,7.42990294,13.30092544,Aggregate
103,CD_Links_SSP2_v2,NPi2020_1000_v3,Asia (No Japan),2100,6912840.69157213,607459.311511795,1475730.48129709,132.719599249,11.6626087568,28.3325432794,76.84323329,6.75252616,16.40424056,Aggregate
104,CD_Links_SSP2_v2,NPi2020_1000_v3,Asia (No Japan),2110,7741489.42603716,659204.839381314,2282467.79967857,137.6521891697,11.7213864488,40.5847856975,72.46440126,6.17050303,21.36509571,Aggregate
105,CD_Links_SSP2_v2,NPi2020_1000_v3,Latin America,2020,70411.2780009998,9568.5321383526,13053.477612394,48.8261586192,6.6352249413,9.051833549,75.68396184,10.28506287,14.03097529,Aggregate
106,CD_Links_SSP2_v2,NPi2020_1000_v3,Latin America,2030,108856.275243651,12743.6459073597,33790.8019427254,51.7377078025,6.0568582456,16.060246719,70.05326513,8.20103392,21.74570095,Aggregate
107,CD_Links_SSP2_v2,NPi2020_1000_v3,Latin America,2040,242285.634971436,25041.1219507476,47709.0639856674,71.6307369099,7.403303207,14.1049856752,76.90732891,7.94865863,15.14401246,Aggregate
108,CD_Links_SSP2_v2,NPi2020_1000_v3,Latin America,2050,384505.847774184,32025.3975604718,47684.4814786198,92.3294628074,7.6900982653,11.4502356327,82.82912999,6.89881788,10.27205214,Aggregate
109,CD_Links_SSP2_v2,NPi2020_1000_v3,Latin America,2060,507833.935160285,38457.9642001836,93716.8880608592,94.2761162121,7.1394746416,17.3979397952,79.34796289,6.0089744,14.64306271,Aggregate
110,CD_Links_SSP2_v2,NPi2020_1000_v3,Latin America,2070,669313.327037759,46371.6213416547,130988.032455764,102.4712163042,7.0994499122,20.0541397651,79.05216562,5.47692231,15.47091208,Aggregate
111,CD_Links_SSP2_v2,NPi2020_1000_v3,Latin America,2080,912182.42230481,58924.8438447431,146246.940594751,117.6584335378,7.6004586952,18.8637552307,81.63771316,5.27360469,13.08868215,Aggregate
112,CD_Links_SSP2_v2,NPi2020_1000_v3,Latin America,2090,1244087.89389355,75428.7476755265,125024.786820423,128.8611731136,7.8128217143,12.9499216069,86.12337933,5.22163963,8.65498105,Aggregate
113,CD_Links_SSP2_v2,NPi2020_1000_v3,Latin America,2100,1747538.52996061,99146.5685997622,114885.197374854,138.8541327795,7.8778868477,9.1284307483,89.08875372,5.05444892,5.85679736,Aggregate
114,CD_Links_SSP2_v2,NPi2020_1000_v3,Latin America,2110,2095574.09818713,115920.510822584,99606.2178441731,148.4683427886,8.2127977016,7.0569540383,90.67428274,5.01581365,4.3099036,Aggregate
115,CD_Links_SSP2_v2,NPi2020_1000_v3,Middle East + Africa,2020,83156.8277085972,9090.1849096732,32461.834924792,36.891369861,4.0327340863,14.4012415045,66.68077634,7.2891259,26.03009776,Aggregate
116,CD_Links_SSP2_v2,NPi2020_1000_v3,Middle East + Africa,2030,147442.857961435,14650.827989955,82726.4614583343,42.4755268619,4.220629242,23.83194469,60.22496903,5.98432284,33.79070813,Aggregate
117,CD_Links_SSP2_v2,NPi2020_1000_v3,Middle East + Africa,2040,310410.609571758,28825.0051118363,162706.120981307,53.0034062812,4.9219434191,27.7824867092,61.84196043,5.74269941,32.41534015,Aggregate
118,CD_Links_SSP2_v2,NPi2020_1000_v3,Middle East + Africa,2050,593480.907357589,54515.9194789462,264293.302841007,68.2289406782,6.2673683181,30.3842160002,65.05396562,5.97572173,28.97031265,Aggregate
119,CD_Links_SSP2_v2,NPi2020_1000_v3,Middle East + Africa,2060,983319.396612987,89795.1129093862,513747.663311901,78.2490159309,7.1455716675,40.8821886657,61.96627618,5.65865861,32.37506521,Aggregate
120,CD_Links_SSP2_v2,NPi2020_1000_v3,Middle East + Africa,2070,1584562.8864774,144692.047384737,711148.542422323,89.0040482078,8.1272747649,39.944832542,64.93036508,5.92902152,29.1406134,Aggregate
121,CD_Links_SSP2_v2,NPi2020_1000_v3,Middle East + Africa,2080,2711864.80359446,233025.742825476,929777.933496455,103.0275327831,8.8529735429,35.3235627371,69.98959569,6.01408208,23.99632222,Aggregate
122,CD_Links_SSP2_v2,NPi2020_1000_v3,Middle East + Africa,2090,4264288.83392509,343283.273383051,1265669.3268559,116.7928837003,9.4020468561,34.6649057443,72.60537272,5.84486909,21.54975819,Aggregate
123,CD_Links_SSP2_v2,NPi2020_1000_v3,Middle East + Africa,2100,6031528.39783999,430319.686309272,845577.84818161,136.9707895785,9.7721876309,19.2023410778,82.53971308,5.88879984,11.57148709,Aggregate
124,CD_Links_SSP2_v2,NPi2020_1000_v3,Middle East + Africa,2110,8495357.36075455,544273.013135621,889755.473076723,155.4640699185,9.9601340092,16.2824235877,85.55773229,5.48143683,8.96083088,Aggregate
125,CD_Links_SSP2_v2,NPi2020_1000_v3,OECD90 + EU,2020,745559.816289061,71284.2479029735,154976.162221477,80.6574608634,7.7117976449,16.7659032395,76.71787395,7.33512701,15.94699904,Aggregate
126,CD_Links_SSP2_v2,NPi2020_1000_v3,OECD90 + EU,2030,785315.947985697,72361.1336798626,214933.563168591,79.8258158993,7.3553663977,21.8475724173,73.21537892,6.74626287,20.03835821,Aggregate
127,CD_Links_SSP2_v2,NPi2020_1000_v3,OECD90 + EU,2040,1043646.05803228,97758.7921572395,303233.020007695,83.756874255,7.845543802,24.3356928638,72.24274537,6.76701021,20.99024442,Aggregate
128,CD_Links_SSP2_v2,NPi2020_1000_v3,OECD90 + EU,2050,1356194.52439824,131646.808340992,466169.82628625,86.1806164463,8.3656163566,29.6231862578,69.40566937,6.7372598,23.85707083,Aggregate
129,CD_Links_SSP2_v2,NPi2020_1000_v3,OECD90 + EU,2060,1630242.07981424,162653.41911152,595535.031698654,90.3704534008,9.0164911177,33.0127479207,68.25578801,6.81005443,24.93415756,Aggregate
130,CD_Links_SSP2_v2,NPi2020_1000_v3,OECD90 + EU,2070,1976106.00048202,185702.065754703,723186.823324037,97.0819310559,9.1231518654,35.5286474032,68.49599657,6.43682477,25.06717866,Aggregate
131,CD_Links_SSP2_v2,NPi2020_1000_v3,OECD90 + EU,2080,2619640.92387633,221038.040028681,679562.172626786,111.2805699204,9.3895460421,28.8673402438,74.41651927,6.27905963,19.3044211,Aggregate
132,CD_Links_SSP2_v2,NPi2020_1000_v3,OECD90 + EU,2090,3546910.22913146,259162.025922046,603507.394111927,122.873361366,8.9779856851,20.9069238671,80.4364704,5.87725014,13.68627947,Aggregate
133,CD_Links_SSP2_v2,NPi2020_1000_v3,OECD90 + EU,2100,4450088.27468123,287724.177539476,463318.903661895,133.2153290275,8.6131484623,13.8696530015,85.56000551,5.53195368,8.90804081,Aggregate
134,CD_Links_SSP2_v2,NPi2020_1000_v3,OECD90 + EU,2110,4868651.81560364,284612.204268321,423451.238879898,140.414240833,8.2083517384,12.2125357263,87.30321685,5.10358143,7.59320172,Aggregate
135,CD_Links_SSP2_v2,NPi2020_1000_v3,Central Asia,2020,118475.943835373,13223.0750947088,34732.2631145476,55.1774334829,6.1583417094,16.175749065,71.18610298,7.94506593,20.86883108,Aggregate
136,CD_Links_SSP2_v2,NPi2020_1000_v3,Central Asia,2030,129388.306145813,14170.4514114918,45824.2863640919,56.7181958543,6.21170848,20.0873705384,68.32095602,7.4824288,24.19661519,Aggregate
137,CD_Links_SSP2_v2,NPi2020_1000_v3,Central Asia,2040,168511.998452472,18398.439155959,73978.4397713938,57.0449644449,6.2282704919,25.0433055522,64.59148437,7.05221293,28.3563027,Aggregate
138,CD_Links_SSP2_v2,NPi2020_1000_v3,Central Asia,2050,225994.397142846,25885.3764639447,101250.263102855,67.2468667212,7.702449632,30.1280165988,63.99750054,7.33026754,28.67223192,Aggregate
139,CD_Links_SSP2_v2,NPi2020_1000_v3,Central Asia,2060,317961.420986477,35612.97036561,129748.981623886,80.0440708286,8.9652609852,32.6631974496,65.78647729,7.36835261,26.8451701,Aggregate
140,CD_Links_SSP2_v2,NPi2020_1000_v3,Central Asia,2070,462754.56643613,50831.6028250471,95307.7858847101,102.9067551663,11.3038653447,21.1944207553,75.9992052,8.34818648,15.65260832,Aggregate
141,CD_Links_SSP2_v2,NPi2020_1000_v3,Central Asia,2080,642198.144595175,64926.2598853581,53130.9515209012,123.1333729629,12.448789273,10.187188058,84.47137393,8.54005952,6.98856655,Aggregate
142,CD_Links_SSP2_v2,NPi2020_1000_v3,Central Asia,2090,907370.000762823,76930.4702796593,59777.7699435294,132.4272390736,11.2277128087,8.7243407044,86.90632226,7.36826679,5.72541095,Aggregate
143,CD_Links_SSP2_v2,NPi2020_1000_v3,Central Asia,2100,1176394.47081997,88561.4696318773,68010.6431664935,137.4341758973,10.3463361118,7.9454527607,88.25386062,6.64393772,5.10220166,Aggregate
144,CD_Links_SSP2_v2,NPi2020_1000_v3,Central Asia,2110,1192909.41331058,84423.9063494407,72519.5780104595,140.6415685312,9.9534050767,8.5499092276,88.37328981,6.25430419,5.372406,Aggregate
164,CD_Links_SSP2_v2,NPi2020_1000_v3,World,2020,1616559.54266753,175480.187166389,409985.995336741,63.753545326,6.9205518084,16.1689440116,73.41238225,7.96903438,18.61858336,Aggregate
165,CD_Links_SSP2_v2,NPi2020_1000_v3,World,2030,2115805.48867574,216229.994312861,635645.327900519,68.6459909777,7.0154474587,20.62311667,71.29491423,7.28616075,21.41892503,Aggregate
166,CD_Links_SSP2_v2,NPi2020_1000_v3,World,2040,3308389.73693795,314749.013428183,963235.846603801,78.0819432576,7.4284520752,22.7335147001,72.13518362,6.86269747,21.00211891,Aggregate
167,CD_Links_SSP2_v2,NPi2020_1000_v3,World,2050,4857521.5650582,459223.45142067,1270061.44892603,89.1596910605,8.4290353646,23.3119472343,73.74623181,6.97186799,19.2819002,Aggregate
168,CD_Links_SSP2_v2,NPi2020_1000_v3,World,2060,6434356.33457806,619834.28977029,1815585.27361099,94.3522139373,9.0891356451,26.6234074163,72.54249046,6.98816179,20.46934775,Aggregate
169,CD_Links_SSP2_v2,NPi2020_1000_v3,World,2070,8251172.06868495,806907.803503671,2172375.3268811,101.1548945357,9.8922520442,26.632143319,73.47139472,7.18499642,19.34360886,Aggregate
170,CD_Links_SSP2_v2,NPi2020_1000_v3,World,2080,11459219.3488587,1029087.85463877,2371654.62368537,113.3760138207,10.1816603102,23.4648398994,77.11472938,6.92523888,15.96003174,Aggregate
171,CD_Links_SSP2_v2,NPi2020_1000_v3,World,2090,15760367.8386109,1298224.21262782,3026802.86825636,123.0477439577,10.1357761539,23.6315083606,78.46680586,6.46352346,15.06967068,Aggregate
172,CD_Links_SSP2_v2,NPi2020_1000_v3,World,2100,20318390.3648739,1513211.21359218,2967523.07368194,134.8522035862,10.0431118302,19.6953114146,81.9318853,6.10187349,11.96624121,Aggregate
173,CD_Links_SSP2_v2,NPi2020_1000_v3,World,2110,24393982.113893,1688434.47395728,3767800.30748982,145.0687208665,10.0409612609,22.406754606,81.72128933,5.6563558,12.62235488,Aggregate
