,Model,Scenario,Region,Variable,Unit,Year,Value,OMCOST_p,FUELCOST_p,CAPCOST_p,OMCOST_MWh,CAPCOST_MWh,FUELCOST_MWh,FUELCOST_NoC_MWh,CARBONCOST_MWh,CostTotal_MWh,OMCOST,CAPCOST,FUELCOST,FUELCOST_NoC,CARBONCOST,CostTotal
0,MESSAGEix-GLOBIOM_1.0,NPi_v3,World,Fossils,EJ/yr,2020,60.682840123,2.7189882383,60.1188537873,37.1621579744,4.857032566,42.606124499,21.2949676001,21.2904212035,0.0045463966,68.7581246651,83685.8586832117,734096.398447666,366908.729769015,366830.396116701,78.3336523145,1184690.98689989
1,MESSAGEix-GLOBIOM_1.0,NPi_v3,World,Fossils,EJ/yr,2030,73.5282814131,1.9736398986,70.2463162198,27.7800438815,4.2931423163,38.6388734291,21.2819999017,21.2713735731,0.0106263286,64.2140156471,90199.1177823779,811804.510227569,447135.798060407,446912.538406736,223.2596536709,1349139.42607035
2,MESSAGEix-GLOBIOM_1.0,NPi_v3,World,Fossils,EJ/yr,2040,87.2741166875,1.8156341461,73.5369601054,24.6474057485,3.765802168,34.2802850631,24.063544631,24.0410516789,0.0224929521,62.1096318621,93246.763493147,848829.94145571,595848.521758776,595291.563403852,556.9583549243,1537925.22670763
3,MESSAGEix-GLOBIOM_1.0,NPi_v3,World,Fossils,EJ/yr,2050,106.8539121988,1.8681121603,71.8961758126,26.2357120271,3.428097857,31.9670172825,26.7888235421,26.768317308,0.0205062341,62.1839386816,100980.803966782,941646.137378023,789113.103370597,788509.055267888,604.048102709,1831740.0447154
4,MESSAGEix-GLOBIOM_1.0,NPi_v3,World,Fossils,EJ/yr,2060,134.1442325472,1.851222879,72.1129063091,26.0358708119,3.7027295403,34.5280523992,29.2168139515,29.1957299285,0.021084023,67.447595891,136778.161772752,1275460.03166553,1079263.84079975,1078485.00079052,778.8400092258,2491502.03423803
5,MESSAGEix-GLOBIOM_1.0,NPi_v3,World,Fossils,EJ/yr,2070,154.2500243282,1.82148416,72.1741154511,26.0044003888,4.0461589936,37.6398392205,32.0068509064,31.9919864092,0.0148644973,73.6928491205,165505.083689991,1539629.2508718,1309216.10996145,1308608.08890545,608.0210560039,3014350.44452324
6,MESSAGEix-GLOBIOM_1.0,NPi_v3,World,Fossils,EJ/yr,2080,164.48166474,1.77913497,72.9040845705,25.3167804595,4.3594525351,40.7199229717,35.5758753838,35.5561769602,0.0196984236,80.6552508906,188750.270230525,1763041.66700986,1540320.95506368,1539468.07669395,852.8783697304,3492112.89230406
7,MESSAGEix-GLOBIOM_1.0,NPi_v3,World,Fossils,EJ/yr,2090,179.12484575,1.9090233723,71.6002547622,26.4907218655,4.8043589192,44.7422771728,35.8802441507,35.8722674769,0.0079766738,85.4268802427,225875.174791817,2103541.77258517,1686896.53613311,1686521.51573655,375.0203965614,4016313.4835101
8,MESSAGEix-GLOBIOM_1.0,NPi_v3,World,Fossils,EJ/yr,2100,192.54463078,1.8134772387,73.2984425736,24.8880801877,5.0431022144,47.1888140808,39.9308105776,39.9184049612,0.0124056164,92.1627268728,268047.437594901,2508146.80323269,2122374.48326981,2121715.10863225,659.3746375656,4898568.7240974
9,MESSAGEix-GLOBIOM_1.0,NPi_v3,World,Renewables,EJ/yr,2020,26.4810758263,3.5473359899,11.9452336502,84.5074303599,10.5901712596,114.8240371163,5.5966607298,#WERT!,#WERT!,131.0108691057,68085.8036394818,738221.002526016,35981.7734901446,#WERT!,,842288.579655642
10,MESSAGEix-GLOBIOM_1.0,NPi_v3,World,Renewables,EJ/yr,2030,33.4573297262,4.9355969876,0,95.0644030124,9.8474819902,107.7686765443,0.7080667416,#WERT!,#WERT!,118.3242252761,85606.5061936326,936858.771130079,6155.3928158349,#WERT!,,1028620.67013955
11,MESSAGEix-GLOBIOM_1.0,NPi_v3,World,Renewables,EJ/yr,2040,42.7409292135,4.1738063555,1.032340038,94.7938536065,9.2915589094,102.5461877597,0.3598716935,#WERT!,#WERT!,112.1976183626,105451.858878638,1163818.28126196,4084.2596386265,#WERT!,,1273354.39977922
12,MESSAGEix-GLOBIOM_1.0,NPi_v3,World,Renewables,EJ/yr,2050,52.6499449886,4.1185814643,0.954605941,94.9268125947,8.7757982455,97.0908276417,0.4010044439,#WERT!,#WERT!,106.2676303311,126361.679398293,1397999.32630253,5774.015486568,#WERT!,,1530135.02118739
13,MESSAGEix-GLOBIOM_1.0,NPi_v3,World,Renewables,EJ/yr,2060,71.7033045901,3.6008375571,0.5522670105,95.8468954324,7.8831792536,103.2920001294,0.4945737328,#WERT!,#WERT!,111.6697531158,156208.752732098,2046777.57391544,9800.2015997936,#WERT!,,2212786.52824733
14,MESSAGEix-GLOBIOM_1.0,NPi_v3,World,Renewables,EJ/yr,2070,94.1874551112,3.3761557089,0.7887066881,95.835137603,7.300000274,111.5531774504,0.3673161051,#WERT!,#WERT!,119.2204938295,191744.370097787,2930094.9232422,9648.0537746935,#WERT!,,3131487.34711468
15,MESSAGEix-GLOBIOM_1.0,NPi_v3,World,Renewables,EJ/yr,2080,116.1491302753,3.4565095444,0.4901538482,96.0533366075,7.1498221456,116.3708124933,0.2958608665,#WERT!,#WERT!,123.8164955054,228376.11990709,3717059.54167283,9450.2430045784,#WERT!,,3954885.9045845
16,MESSAGEix-GLOBIOM_1.0,NPi_v3,World,Renewables,EJ/yr,2090,134.7271740712,2.8624340438,0.5189227117,96.6186432445,6.8438248935,121.7763279932,0.2649394545,#WERT!,#WERT!,128.8850923412,257739.846821337,4586121.44697282,9977.6741037612,#WERT!,,4853838.96789792
17,MESSAGEix-GLOBIOM_1.0,NPi_v3,World,Renewables,EJ/yr,2100,154.188396812,2.6271654838,0.7568979071,96.6159366091,6.5822862384,126.8832867842,0.2968328683,#WERT!,#WERT!,133.7624058909,285956.238733959,5512228.75048511,12895.3994806872,#WERT!,,5811080.38869976
18,MESSAGEix-GLOBIOM_1.0,NPi_v3,Asia (No Japan),Fossils,EJ/yr,2020,24.1100221288,3.4113351449,55.3510830222,41.2375818329,5.190773263,39.0488604801,20.0298530526,20.0292481326,0.00060492,64.2694867957,35578.2405724649,267646.009918934,137287.239189085,137283.092988207,4.1462008779,440511.489680484
19,MESSAGEix-GLOBIOM_1.0,NPi_v3,Asia (No Japan),Fossils,EJ/yr,2030,31.69774644,2.0987033613,68.5574974224,29.3437992163,4.8824366535,38.7023403216,23.4674827984,23.4666659407,0.0008168576,67.0522597735,43414.7505882058,344142.192003509,208673.452404414,208666.188885557,7.2635188566,596230.394996129
20,MESSAGEix-GLOBIOM_1.0,NPi_v3,Asia (No Japan),Fossils,EJ/yr,2040,37.5352925426,1.9826346954,72.249537404,25.7678279007,4.5560639997,37.7101819529,26.8815927585,26.8781021354,0.0034906231,69.1478387111,48569.6974809107,402007.550713144,286569.905115559,286532.693498507,37.2116170521,737147.153309614
21,MESSAGEix-GLOBIOM_1.0,NPi_v3,Asia (No Japan),Fossils,EJ/yr,2050,42.3418492644,2.1341630716,69.4012995974,28.464537331,4.2087466222,37.4972189084,29.2131938283,29.2122013372,0.0009924912,70.9191593589,47564.8784091033,423772.400232047,330151.025261425,330139.808686705,11.2165747201,801488.303902575
22,MESSAGEix-GLOBIOM_1.0,NPi_v3,Asia (No Japan),Fossils,EJ/yr,2060,52.6376513887,2.2349774607,67.014986674,30.7500358653,4.6554111361,41.7195391032,29.5965156315,29.5933947057,0.0031209258,75.9714658708,64512.1393414909,578126.53731167,410132.313690898,410089.065609435,43.2480814624,1052770.99034406
23,MESSAGEix-GLOBIOM_1.0,NPi_v3,Asia (No Japan),Fossils,EJ/yr,2070,59.16745608,2.6001305271,62.0784343652,35.3214351077,5.4116166464,48.0651297756,32.2958957364,32.2909852588,0.0049104776,85.7726421584,74750.916545585,663925.909639702,446104.734440649,446036.905781884,67.8286587652,1184781.56062594
24,MESSAGEix-GLOBIOM_1.0,NPi_v3,Asia (No Japan),Fossils,EJ/yr,2080,61.1584366,1.8914117946,72.2789158149,25.8296723905,5.6484275057,50.6050389047,36.7947322695,36.7943261062,0.0004061632,93.0481986799,80577.7060304127,721906.750933186,524895.666499702,524889.872373403,5.7941262988,1327380.1234633
25,MESSAGEix-GLOBIOM_1.0,NPi_v3,Asia (No Japan),Fossils,EJ/yr,2090,66.07680301,1.827127407,72.612568193,25.5603044,5.5630375753,50.5676616116,36.6636348551,36.6630384291,0.0005964261,92.794334042,85727.4844833286,779257.441192267,564993.700943854,564984.509902428,9.1910414267,1429978.62661945
26,MESSAGEix-GLOBIOM_1.0,NPi_v3,Asia (No Japan),Fossils,EJ/yr,2100,67.18053664,1.6552756012,75.5690690833,22.7756553155,5.2667968587,48.8554157199,41.4911729895,41.4870149058,0.0041580836,95.6133855681,90943.3140720417,843600.680856739,716440.15853132,716368.359691073,71.7988402474,1650984.1534601
27,MESSAGEix-GLOBIOM_1.0,NPi_v3,Asia (No Japan),Renewables,EJ/yr,2020,9.7663339388,3.420292794,22.260153086,74.3195541199,9.8871300919,103.9082230564,12.7175063231,#WERT!,#WERT!,126.5128594714,27116.8370808577,284982.834228755,34879.5397483964,#WERT!,,346979.211058009
28,MESSAGEix-GLOBIOM_1.0,NPi_v3,Asia (No Japan),Renewables,EJ/yr,2030,14.2971041672,4.8830358056,0,95.1169641944,9.3569200417,98.689380158,1.4118963345,#WERT!,#WERT!,109.4581965342,37653.204531517,397136.172971838,5681.6154484605,#WERT!,,440470.992951815
29,MESSAGEix-GLOBIOM_1.0,NPi_v3,Asia (No Japan),Renewables,EJ/yr,2040,19.0456755718,3.8300704219,2.3105143837,93.8594151944,8.9237482464,98.6593112558,0.7377568313,#WERT!,#WERT!,108.3208163335,45459.4797817811,502591.606292661,3758.290891812,#WERT!,,551809.376966254
30,MESSAGEix-GLOBIOM_1.0,NPi_v3,Asia (No Japan),Renewables,EJ/yr,2050,24.7392583132,3.7402926189,2.0081967675,94.2515106136,8.3732456766,99.3303469114,0.8257478177,#WERT!,#WERT!,108.5293404057,56387.1192563454,668910.519693803,5560.7517649466,#WERT!,,730858.390715095
31,MESSAGEix-GLOBIOM_1.0,NPi_v3,Asia (No Japan),Renewables,EJ/yr,2060,30.6518455551,3.2458829166,1.3055720172,95.4485450663,7.9546829492,109.3712341455,1.1297024943,#WERT!,#WERT!,118.455619589,67489.8098040535,927936.8942374,9584.719713027,#WERT!,,1005011.42375448
32,MESSAGEix-GLOBIOM_1.0,NPi_v3,Asia (No Japan),Renewables,EJ/yr,2070,36.4689639573,3.4238544097,2.0537220862,94.5224235041,7.7565427835,117.4757690552,0.9241235154,#WERT!,#WERT!,126.1564353541,79025.9118187212,1196877.27191107,9415.2389117061,#WERT!,,1285318.4226415
33,MESSAGEix-GLOBIOM_1.0,NPi_v3,Asia (No Japan),Renewables,EJ/yr,2080,43.802862835,3.8265833242,1.001413757,95.1720029189,7.8734702829,121.0831929323,0.7509852862,#WERT!,#WERT!,129.7076485014,96528.0649816276,1484469.47732034,9207.0146831898,#WERT!,,1590204.55698516
34,MESSAGEix-GLOBIOM_1.0,NPi_v3,Asia (No Japan),Renewables,EJ/yr,2090,48.2802559634,3.0147490615,1.2300327912,95.7552181473,7.6605319421,124.4971748476,0.6578975671,#WERT!,#WERT!,132.8156043568,105185.359464887,1709447.88008795,9033.4708621332,#WERT!,,1823666.71041497
35,MESSAGEix-GLOBIOM_1.0,NPi_v3,Asia (No Japan),Renewables,EJ/yr,2100,54.2708100734,2.4774465885,1.4946270208,96.0279263907,7.3973929412,130.8066019532,0.6255844524,#WERT!,#WERT!,138.8295793468,113555.810310768,2007984.40706804,9603.2142646008,#WERT!,,2131143.43164341
36,MESSAGEix-GLOBIOM_1.0,NPi_v3,Middle East + Africa,Fossils,EJ/yr,2020,6.9932384797,2.1038777897,69.2645751245,28.6315470858,3.1846574517,28.9446053953,16.4234694244,16.4214294883,0.0020399362,48.5527322714,6294.6398119609,57210.506381006,32461.834924792,32457.8028856488,4.0320391432,95966.9811177589
37,MESSAGEix-GLOBIOM_1.0,NPi_v3,Middle East + Africa,Fossils,EJ/yr,2030,9.9058742699,1.9529543687,71.2354611796,26.8115844517,2.8387371401,26.5087888168,16.0123395826,16.008025266,0.0043143166,45.3598655395,7975.9009421696,74480.8213185659,44989.3132268283,44977.1914417486,12.1217850797,127446.035487564
38,MESSAGEix-GLOBIOM_1.0,NPi_v3,Middle East + Africa,Fossils,EJ/yr,2040,14.2044185217,1.9187806086,70.6826884125,27.3985309789,2.5546095449,24.2880605714,17.8646216134,17.8614956909,0.0031259225,44.7072917297,10296.8979572388,97898.202008627,72007.1629587146,71994.5632620889,12.5996966256,180202.26292458
39,MESSAGEix-GLOBIOM_1.0,NPi_v3,Middle East + Africa,Fossils,EJ/yr,2050,20.1745185726,2.1654940904,68.0720472002,29.7624587095,2.8403491761,26.6448312494,19.5981874406,19.5868558787,0.0113315619,49.0833678661,16284.5503400168,152762.589694285,112362.125273883,112297.158124172,64.9671497106,281409.265308185
40,MESSAGEix-GLOBIOM_1.0,NPi_v3,Middle East + Africa,Fossils,EJ/yr,2060,28.5519314359,1.8109234947,73.3938792884,24.7951972169,3.2374889092,30.1989933572,26.8652881401,26.8590436963,0.0062444438,60.3017704065,26939.1232223618,251285.618593107,223545.880126303,223493.920152168,51.9599741355,501770.621941772
41,MESSAGEix-GLOBIOM_1.0,NPi_v3,Middle East + Africa,Fossils,EJ/yr,2070,34.1999358652,1.6414214997,74.8138397476,23.5447387528,3.6513048382,33.2550820582,32.2321877647,32.2295118989,0.0026758658,69.1385746611,36811.3750649455,335267.898111464,324955.380488356,324928.403201338,26.9772870176,697034.653664765
42,MESSAGEix-GLOBIOM_1.0,NPi_v3,Middle East + Africa,Fossils,EJ/yr,2080,42.939049582,2.0746935127,69.4539850073,28.47132148,4.1681870343,38.1373084465,32.5825481301,32.5825481301,0,74.8880436109,52596.5521826235,481238.225948874,411145.104302288,411145.104302288,0,944979.882433785
43,MESSAGEix-GLOBIOM_1.0,NPi_v3,Middle East + Africa,Fossils,EJ/yr,2090,51.26802838,2.4219736739,65.6694722372,31.9085540889,5.4567214132,48.579097255,35.236027417,35.2335050203,0.0025223967,89.2718460852,81852.912009998,728705.072525017,528553.912387011,528516.07546972,37.8369172912,1339111.89692203
44,MESSAGEix-GLOBIOM_1.0,NPi_v3,Middle East + Africa,Fossils,EJ/yr,2100,62.79241599,2.6574367025,62.2594983434,35.0830649541,6.2619974018,55.9630999811,37.0358881106,37.0346530899,0.0012350208,99.2609854935,114658.595005408,1024697.0741593,678135.524992416,678112.911481423,22.6135109929,1817491.19415712
45,MESSAGEix-GLOBIOM_1.0,NPi_v3,Middle East + Africa,Renewables,EJ/yr,2020,1.1317140276,4.6728595776,0,95.3271404224,10.0722889298,93.4840383334,0,#WERT!,#WERT!,103.5563272632,2795.5450977124,25946.3213275912,0,#WERT!,,28741.8664253036
46,MESSAGEix-GLOBIOM_1.0,NPi_v3,Middle East + Africa,Renewables,EJ/yr,2030,1.730213201,4.5782213223,0,95.4217786777,8.6135453238,89.1890690768,0,#WERT!,#WERT!,97.8026144006,4113.798747176,42596.3835840193,0,#WERT!,,46710.1823311953
47,MESSAGEix-GLOBIOM_1.0,NPi_v3,Middle East + Africa,Renewables,EJ/yr,2040,2.9581787124,3.7307979046,0,96.2692020954,7.3973696767,91.8507977365,0,#WERT!,#WERT!,99.2481674132,5911.5874256968,73402.3098302123,0,#WERT!,,79313.8972559091
48,MESSAGEix-GLOBIOM_1.0,NPi_v3,Middle East + Africa,Renewables,EJ/yr,2050,6.0801217455,3.6030076264,0,96.3969923736,5.8578115914,87.9828762067,0,#WERT!,#WERT!,93.8406877981,9732.237270491,146175.788282969,0,#WERT!,,155908.02555346
49,MESSAGEix-GLOBIOM_1.0,NPi_v3,Middle East + Africa,Renewables,EJ/yr,2060,10.4653602682,3.2906380624,0,96.7093619376,5.3562261829,91.5359327819,0,#WERT!,#WERT!,96.8921589648,15616.8682155285,266886.526151982,0,#WERT!,,282503.39436751
50,MESSAGEix-GLOBIOM_1.0,NPi_v3,Middle East + Africa,Renewables,EJ/yr,2070,17.9281750268,3.3370691996,0,96.6629308004,5.2837577298,97.3130032876,0,#WERT!,#WERT!,102.5967610174,26449.0845935585,487122.988528146,0,#WERT!,,513572.073121705
51,MESSAGEix-GLOBIOM_1.0,NPi_v3,Middle East + Africa,Renewables,EJ/yr,2080,24.8919515325,2.8675764938,0,97.1324235062,5.182596076,106.5426978079,0,#WERT!,#WERT!,111.7252938839,35716.9093591154,734260.556802006,0,#WERT!,,769977.466161121
52,MESSAGEix-GLOBIOM_1.0,NPi_v3,Middle East + Africa,Renewables,EJ/yr,2090,34.0905003068,2.6411260353,0,97.3588739647,5.1359220112,116.2555542883,0,#WERT!,#WERT!,121.3914762995,48429.9562196277,1096249.39633919,0,#WERT!,,1144679.35255882
53,MESSAGEix-GLOBIOM_1.0,NPi_v3,Middle East + Africa,Renewables,EJ/yr,2100,45.2958690669,2.3864998075,0,97.6135001925,4.9796233188,125.9796301441,0,#WERT!,#WERT!,130.9592534629,62159.6480868273,1572578.68206567,0,#WERT!,,1634738.3301525
54,MESSAGEix-GLOBIOM_1.0,NPi_v3,Latin America,Fossils,EJ/yr,2020,2.8582165074,1.8127972009,76.9237813123,21.2634214868,2.5657341629,19.6018824174,16.1256435643,16.1256435643,0,38.2932601446,2036.8036531997,15560.9206495947,12801.3144137513,12801.3144137513,0,30399.0387165457
55,MESSAGEix-GLOBIOM_1.0,NPi_v3,Latin America,Fossils,EJ/yr,2030,3.8907327323,1.8943010228,72.992354106,25.1133448712,2.3273114828,19.7138014556,17.9790312191,17.9778327735,0.0011984457,40.0201441575,2716.1471454433,23007.4856528603,20982.8786070654,20981.4799310541,1.3986760113,46706.511405369
56,MESSAGEix-GLOBIOM_1.0,NPi_v3,Latin America,Fossils,EJ/yr,2040,4.8330751142,1.7192224862,73.7747916441,24.5059858698,2.4674793536,21.7625091771,22.0717212244,22.0717212244,0,46.3017097551,3531.7330956812,31148.9430681243,31591.5220178883,31591.5220178883,0,66272.1981816938
57,MESSAGEix-GLOBIOM_1.0,NPi_v3,Latin America,Fossils,EJ/yr,2050,6.198829912,1.5249487976,77.1558984869,21.3191527155,2.6659256598,24.5303176926,24.0811173977,24.0811173977,0,51.2773607501,4690.2492263868,43156.9811995148,42366.688594042,42366.688594042,0,90213.9190199436
58,MESSAGEix-GLOBIOM_1.0,NPi_v3,Latin America,Fossils,EJ/yr,2060,10.1173601123,1.4490678763,77.7336685815,20.8172635422,2.7905728423,26.5216745821,27.3892620219,27.3818619187,0.0074001033,56.7015094463,8043.5183771366,76445.8012573398,78946.5263452508,78925.196363954,21.3299812968,163435.845979727
59,MESSAGEix-GLOBIOM_1.0,NPi_v3,Latin America,Fossils,EJ/yr,2070,10.14842563,1.808834803,67.982155998,30.209009199,3.1334128566,31.1356415328,34.8515296501,34.8501197101,0.00140994,69.1205840395,9187.6962706562,91294.9651666158,102190.577382411,102186.443200076,4.1341823354,202673.238819683
60,MESSAGEix-GLOBIOM_1.0,NPi_v3,Latin America,Fossils,EJ/yr,2080,11.73789339,1.2027670722,81.1111000845,17.6861328433,3.3474297164,32.6387871957,38.3174018397,38.3174018397,0,74.3036187518,11443.9433182233,111583.053952382,130996.678619247,130996.678619247,0,254023.675889852
61,MESSAGEix-GLOBIOM_1.0,NPi_v3,Latin America,Fossils,EJ/yr,2090,13.85570167,1.2355616209,80.7383799146,18.0260584645,3.3704282507,33.7010518941,36.2851075475,36.2851075475,0,73.3565876923,13562.5251236757,135612.251323962,146010.43135145,146010.43135145,0,295185.207799088
62,MESSAGEix-GLOBIOM_1.0,NPi_v3,Latin America,Fossils,EJ/yr,2100,16.00622954,1.5139482281,74.6920685929,23.793983179,3.3939399508,34.1922454846,37.6682645189,37.6682645189,0,75.2544499543,15705.2757152889,158222.788392714,174307.880679761,174307.880679761,0,348235.944787764
63,MESSAGEix-GLOBIOM_1.0,NPi_v3,Latin America,Renewables,EJ/yr,2020,3.1446775092,5.1979435585,0,94.8020564415,11.6078817572,83.8318016985,0.2779079881,#WERT!,#WERT!,95.7175914438,7325.2252841034,52902.5748418546,175.3755476931,#WERT!,,60403.1756736511
64,MESSAGEix-GLOBIOM_1.0,NPi_v3,Latin America,Renewables,EJ/yr,2030,3.8100819102,5.3790508405,0,94.6209491595,10.6710185532,81.6691727538,0.0279023136,#WERT!,#WERT!,92.3680936206,9316.7400612206,71304.3885892355,24.3611798842,#WERT!,,80645.4898303403
65,MESSAGEix-GLOBIOM_1.0,NPi_v3,Latin America,Renewables,EJ/yr,2040,4.7586092177,5.2764063905,0.0743750944,94.6492185151,9.8585612044,79.0932882789,0.0243937459,#WERT!,#WERT!,88.9762432292,12084.3157856389,96950.0774274538,29.9010903264,#WERT!,,109064.294303419
66,MESSAGEix-GLOBIOM_1.0,NPi_v3,Latin America,Renewables,EJ/yr,2050,6.0291176349,4.5783335558,0.0430310824,95.3786353618,9.0002033541,81.0824488328,0.015384949,#WERT!,#WERT!,90.0980371359,15098.8583489727,136024.972031274,25.8099908488,#WERT!,,151149.640371095
67,MESSAGEix-GLOBIOM_1.0,NPi_v3,Latin America,Renewables,EJ/yr,2060,8.2718132065,3.7436561935,0.0162208532,96.2401229532,7.7708267397,91.5217023646,0.0144170427,#WERT!,#WERT!,99.306946147,17914.9540233608,210995.193294592,33.2372174261,#WERT!,,228943.384535379
68,MESSAGEix-GLOBIOM_1.0,NPi_v3,Latin America,Renewables,EJ/yr,2070,11.8556897359,2.8981510282,0.0248504391,97.0769985327,6.7330638232,108.1857298377,0.0124490181,#WERT!,#WERT!,114.931242679,22284.808597864,358068.532506326,41.2032311334,#WERT!,,380394.544335323
69,MESSAGEix-GLOBIOM_1.0,NPi_v3,Latin America,Renewables,EJ/yr,2080,13.7916398998,2.8136473883,0.0277361907,97.158616421,6.5376526353,114.1091161517,0.0119902577,#WERT!,#WERT!,120.6587590447,25027.0852700342,436826.295203487,45.9004507038,#WERT!,,461899.280924225
70,MESSAGEix-GLOBIOM_1.0,NPi_v3,Latin America,Renewables,EJ/yr,2090,15.2129896693,2.7554704991,0.0235097996,97.2210197013,6.3727141226,115.3722051085,0.0114284891,#WERT!,#WERT!,121.7563477202,26958.8862277945,488066.166398788,48.3466434781,#WERT!,,515073.399270061
71,MESSAGEix-GLOBIOM_1.0,NPi_v3,Latin America,Renewables,EJ/yr,2100,16.6470789724,2.6878395044,0.0267583338,97.2854021617,6.2058114607,116.5597987294,0.0112665348,#WERT!,#WERT!,122.7768767249,28738.5474996251,539777.808844077,52.1742961932,#WERT!,,568568.530639895
72,MESSAGEix-GLOBIOM_1.0,NPi_v3,Central Asia,Fossils,EJ/yr,2020,4.3218146796,2.2656884435,63.6736941443,34.0606174122,3.885365214,35.746673684,20.7651695495,20.7651695495,0,60.3972084475,6249.2128452512,57494.8711532592,33398.6529285926,33398.6529285926,0,97142.736927103
73,MESSAGEix-GLOBIOM_1.0,NPi_v3,Central Asia,Fossils,EJ/yr,2030,4.5110389738,2.3545654768,63.7105529914,33.9348815318,3.4799956204,33.7600021755,14.8171066923,14.8171066923,0,52.0571044882,6194.4568813105,60093.4313142979,26374.7252937155,26374.7252937155,0,92662.6134893239
74,MESSAGEix-GLOBIOM_1.0,NPi_v3,Central Asia,Fossils,EJ/yr,2040,5.4303935552,1.806484545,74.8381561101,23.3553593449,3.0066816839,28.988939784,16.0411702016,16.0411702016,0,48.0367916695,5738.4671057275,55327.4655811429,30615.7209895159,30615.7209895159,0,91681.6536763863
75,MESSAGEix-GLOBIOM_1.0,NPi_v3,Central Asia,Fossils,EJ/yr,2050,5.6958250063,2.0472804245,66.5505676125,31.4021519631,2.7427541494,26.3121421011,18.8777538465,18.8777538465,0,47.932650097,5632.2369798275,54031.9006691485,38765.407877791,38765.407877791,0,98429.545526767
76,MESSAGEix-GLOBIOM_1.0,NPi_v3,Central Asia,Fossils,EJ/yr,2060,5.8265583888,1.5775713209,74.9998257414,23.4226029377,2.7769988361,26.8774344065,25.704354791,25.7039794373,0.0003753537,55.3587880336,6224.7311239016,60246.62319036,57617.1279603934,57616.2865931406,0.8413672528,124088.482274655
77,MESSAGEix-GLOBIOM_1.0,NPi_v3,Central Asia,Fossils,EJ/yr,2070,7.5407345777,1.3843552441,79.8829055203,18.7327392356,2.8910315667,27.3953278867,26.8414758844,26.8344452258,0.0070306586,57.1278353378,8378.2405401788,79391.9545387655,77786.8854857764,77766.5105616469,20.3749241296,165557.080564721
78,MESSAGEix-GLOBIOM_1.0,NPi_v3,Central Asia,Fossils,EJ/yr,2080,7.4053715128,1.6576952278,71.9871491474,26.3551556248,3.0838719076,29.6194878869,31.9052233012,31.8940595486,0.0111637526,64.6085830957,8836.3112609632,84869.6126813397,91418.9993566715,91387.0115195097,31.9878371618,185124.923298974
79,MESSAGEix-GLOBIOM_1.0,NPi_v3,Central Asia,Fossils,EJ/yr,2090,6.7160469457,1.9953537158,66.2497472278,31.7548990564,3.3784486975,33.3572500083,31.7685567424,31.7640925859,0.0044641565,68.5042554482,8814.4569847114,87029.8979367851,82884.9575489675,82873.3104532724,11.647095695,178729.312470464
80,MESSAGEix-GLOBIOM_1.0,NPi_v3,Central Asia,Fossils,EJ/yr,2100,5.673458663,0.9963346839,85.1458385215,13.8578267946,3.6500705517,37.0943785874,44.2569401369,44.2569401369,0,85.001389276,8429.9188869007,85670.2899912036,102212.384734059,102212.384734059,0,196312.593612163
81,MESSAGEix-GLOBIOM_1.0,NPi_v3,Central Asia,Renewables,EJ/yr,2020,1.0210439916,3.188457599,0.9259941594,95.8855482416,13.0276866721,136.1459613909,1.1920322163,#WERT!,#WERT!,150.3656802793,4121.5178502543,43071.9608350968,377.1185308059,#WERT!,,47570.597216157
82,MESSAGEix-GLOBIOM_1.0,NPi_v3,Central Asia,Renewables,EJ/yr,2030,1.12773876,5.3947358462,0,94.6052641538,11.8619560769,125.1109115528,0.2044534193,#WERT!,#WERT!,137.177321049,4720.6945009728,49790.3034161509,81.3661866471,#WERT!,,54592.3641037708
83,MESSAGEix-GLOBIOM_1.0,NPi_v3,Central Asia,Renewables,EJ/yr,2040,1.3346118038,4.6033978883,0,95.3966021117,10.5028866363,102.4311011366,0.0887640682,#WERT!,#WERT!,113.0227518411,5273.0042063732,51425.826619153,44.5642537448,#WERT!,,56743.395079271
84,MESSAGEix-GLOBIOM_1.0,NPi_v3,Central Asia,Renewables,EJ/yr,2050,1.6403098192,5.1517763586,0,94.8482236414,10.2048767308,87.0253176982,0,#WERT!,#WERT!,97.230194429,6268.6647589591,53458.0237060753,0,#WERT!,,59726.6884650344
85,MESSAGEix-GLOBIOM_1.0,NPi_v3,Central Asia,Renewables,EJ/yr,2060,2.0635662809,4.9938150454,0,95.0061849546,9.5474768333,88.4245378472,0,#WERT!,#WERT!,97.9720146805,7409.6188876076,68624.6363515189,0,#WERT!,,76034.2552391265
86,MESSAGEix-GLOBIOM_1.0,NPi_v3,Central Asia,Renewables,EJ/yr,2070,2.6515448844,4.8239789571,0,95.1760210429,8.9438964159,91.8682338122,0,#WERT!,#WERT!,100.8121302281,8602.4728263901,88361.2631712846,0,#WERT!,,96963.7359976747
87,MESSAGEix-GLOBIOM_1.0,NPi_v3,Central Asia,Renewables,EJ/yr,2080,3.5911537436,4.0692044922,0,95.9307955078,8.3720782368,96.44205633,0,#WERT!,#WERT!,104.8141345668,10817.5521489894,124612.664167464,0,#WERT!,,135430.216316453
88,MESSAGEix-GLOBIOM_1.0,NPi_v3,Central Asia,Renewables,EJ/yr,2090,4.8661485834,4.0742630563,2.2215307182,93.7042062255,7.9847735975,100.3782606874,0.4276663534,#WERT!,#WERT!,108.7907006383,13373.5537660096,168121.744448508,716.2906877084,#WERT!,,182211.588902226
89,MESSAGEix-GLOBIOM_1.0,NPi_v3,Central Asia,Renewables,EJ/yr,2100,5.6457681309,3.7317155309,5.1328874189,91.1353970502,7.9716008092,106.3488514361,1.3280927328,#WERT!,#WERT!,115.6485449781,15275.571520288,203790.872762035,2544.9562780695,#WERT!,,221611.400560392
90,MESSAGEix-GLOBIOM_1.0,NPi_v3,OECD90 + EU,Fossils,EJ/yr,2020,22.399548332,2.2099871371,61.4331646355,36.3568482274,5.5907118456,56.0596091998,25.1729376101,25.1728436647,9.39453355787892E-005,86.8232586555,33526.9618003351,336184.090344871,150959.688312795,150959.124931643,0.5633811515,520670.740458001
91,MESSAGEix-GLOBIOM_1.0,NPi_v3,OECD90 + EU,Fossils,EJ/yr,2030,23.5228889995,1.7427043847,72.8746276001,25.3826680152,4.6999892276,48.7451368403,22.9695666833,22.9694924448,7.42384964186535E-005,76.4146927512,29897.8622252488,310080.579938336,146115.428528384,146114.956277868,0.472250516,486093.870691969
92,MESSAGEix-GLOBIOM_1.0,NPi_v3,OECD90 + EU,Fossils,EJ/yr,2040,25.270936958,1.5386947899,76.4430008155,22.0183043946,3.7308211349,38.9943041926,26.0109157036,25.9987470157,0.0121686879,68.7360410311,25109.9678535888,262447.780084672,175064.210677098,174982.310379481,81.9002976163,462621.958615359
93,MESSAGEix-GLOBIOM_1.0,NPi_v3,OECD90 + EU,Fossils,EJ/yr,2050,32.4428894454,1.4663771186,76.2460585771,22.2875643043,3.1139644914,31.1202907781,30.8352008905,30.8270919618,0.0081089287,65.06945616,26808.8890114472,267922.265583027,265467.856363456,265398.04459481,69.8117686457,560199.01095793
94,MESSAGEix-GLOBIOM_1.0,NPi_v3,OECD90 + EU,Fossils,EJ/yr,2060,37.0107312304,1.4406487697,76.7096374715,21.8497137589,3.2227032937,32.0992973377,32.064697049,32.0564704139,0.0082266351,67.3866976804,31058.6497078608,309355.451313052,309021.992676905,308942.708872021,79.2838048837,649436.093697818
95,MESSAGEix-GLOBIOM_1.0,NPi_v3,OECD90 + EU,Fossils,EJ/yr,2070,43.19347216,1.3852427007,77.5479151794,21.0668421199,3.2539431334,33.0743452113,32.0393988613,32.0342096561,0.0051892052,68.367687206,36376.8552686254,369748.523415249,358178.532164258,358120.520404731,58.0117595275,764303.910848132
96,MESSAGEix-GLOBIOM_1.0,NPi_v3,OECD90 + EU,Fossils,EJ/yr,2080,41.240913648,1.4336966772,75.6331262284,22.9331770944,3.4847452321,35.882777986,37.7014296949,37.7005777715,0.0008519234,77.068952913,35295.7574383023,363444.023494076,381864.506285771,381855.877453378,8.6288323929,780604.287218149
97,MESSAGEix-GLOBIOM_1.0,NPi_v3,OECD90 + EU,Fossils,EJ/yr,2090,41.208265783,1.4010266559,76.8846274419,21.7143459022,3.6022060412,37.4019692663,36.5511490352,36.5486259774,0.0025230578,77.5553243427,35917.796190103,372937.109607138,364453.533901825,364428.376353009,25.1575488159,773308.439699066
98,MESSAGEix-GLOBIOM_1.0,NPi_v3,OECD90 + EU,Fossils,EJ/yr,2100,40.891989985,1.1660979938,81.7650275339,17.0688744723,3.6016741508,37.2250574622,42.4261045466,42.4244196677,0.0016848789,83.2528361596,38310.3339152614,395955.969832734,451278.534332255,451260.612591081,17.9217411749,885544.838080251
99,MESSAGEix-GLOBIOM_1.0,NPi_v3,OECD90 + EU,Renewables,EJ/yr,2020,11.4173063635,3.5163906321,0,96.4836093679,10.8577055463,134.5975644434,0.2233315834,#WERT!,#WERT!,145.6786015731,26726.6783265541,331317.311292719,549.7396632492,#WERT!,,358593.729282522
100,MESSAGEix-GLOBIOM_1.0,NPi_v3,OECD90 + EU,Renewables,EJ/yr,2030,12.4921916822,4.8940951674,0,95.1059048326,10.2045040425,128.756673756,0.1260237268,#WERT!,#WERT!,139.0872015253,29802.0683527462,376031.522568836,368.0500008432,#WERT!,,406201.640922425
101,MESSAGEix-GLOBIOM_1.0,NPi_v3,OECD90 + EU,Renewables,EJ/yr,2040,14.6438539071,4.3421894025,0.0991713044,95.5586392931,9.8506421085,117.8769140671,0.0674628486,#WERT!,#WERT!,127.7950190242,36723.4716791479,439448.461092484,251.5034027433,#WERT!,,476423.436174375
102,MESSAGEix-GLOBIOM_1.0,NPi_v3,OECD90 + EU,Renewables,EJ/yr,2050,14.1611374788,4.6879353651,0.1120833586,95.1999812763,10.4745021392,106.0065553595,0.0505079001,#WERT!,#WERT!,116.5315653988,38874.7997635246,393430.022588405,187.4537307726,#WERT!,,432492.276082702
103,MESSAGEix-GLOBIOM_1.0,NPi_v3,OECD90 + EU,Renewables,EJ/yr,2060,20.2507192774,4.0317580209,0.0343252753,95.9339167038,8.9571218286,107.2987927872,0.0341664517,#WERT!,#WERT!,116.2900810675,47777.501801548,572334.323879946,182.2446693405,#WERT!,,620294.070350835
104,MESSAGEix-GLOBIOM_1.0,NPi_v3,OECD90 + EU,Renewables,EJ/yr,2070,25.2830815147,3.3876820103,0.0600457626,96.5522722271,8.1435353965,117.584924745,0.0281751021,#WERT!,#WERT!,125.7566352436,55382.0922612531,799664.867125383,191.611631854,#WERT!,,855238.57101849
105,MESSAGEix-GLOBIOM_1.0,NPi_v3,OECD90 + EU,Renewables,EJ/yr,2080,30.0715222525,3.3733893669,0.0526336296,96.5739770035,7.8603983538,122.1555725965,0.0257284045,#WERT!,#WERT!,130.0416993548,60286.508147323,936890.548179528,197.3278706848,#WERT!,,997374.384197536
106,MESSAGEix-GLOBIOM_1.0,NPi_v3,OECD90 + EU,Renewables,EJ/yr,2090,32.2772795319,2.7452687477,0.0338119753,97.2209192771,7.4224383786,130.8089170791,0.0208931371,#WERT!,#WERT!,138.2522485948,63792.0911430189,1124236.25969839,179.5659104415,#WERT!,,1188207.91675185
107,MESSAGEix-GLOBIOM_1.0,NPi_v3,OECD90 + EU,Renewables,EJ/yr,2100,32.3288705674,3.0921402861,0.3639313262,96.5439283878,7.3077264123,131.099582957,0.0766952321,#WERT!,#WERT!,138.4840046014,66226.6613164499,1188096.97974529,695.0546418238,#WERT!,,1255018.69570356
108,MESSAGEix-GLOBIOM_1.0,NPi2020_1000_v3,World,Fossils,EJ/yr,2020,60.682840123,2.7189882383,60.1188537873,37.1621579744,,,,,,0,,,,,,0
109,MESSAGEix-GLOBIOM_1.0,NPi2020_1000_v3,World,Fossils,EJ/yr,2030,57.8916327466,1.4091497377,78.7593568902,19.8314933721,3.9061376081,36.4687487403,36.5273358008,33.418941359,3.1083944418,76.9022221492,64749.2862002749,604516.708438908,605487.86479042,553962.204015347,51525.6607750734,1274753.8594296
110,MESSAGEix-GLOBIOM_1.0,NPi2020_1000_v3,World,Fossils,EJ/yr,2040,64.9172886274,1.3152992144,79.9000585679,18.7846422176,3.615331172,35.6477171306,48.298667785,45.7018745681,2.5967932169,87.5617160876,66903.1262124977,659675.035270097,893785.85612783,845731.175636215,48054.6804916146,1620364.01761042
111,MESSAGEix-GLOBIOM_1.0,NPi2020_1000_v3,World,Fossils,EJ/yr,2050,62.4297348468,1.3244259462,78.6074258693,20.0681481845,4.1810298784,40.941829424,63.116450301,62.1784770619,0.937973239,108.2393096034,73865.5226908798,723312.130817512,1115067.27469448,1098496.26573602,16571.0089584631,1912244.92820287
112,MESSAGEix-GLOBIOM_1.0,NPi2020_1000_v3,World,Fossils,EJ/yr,2060,59.8308017538,0.7445048843,87.6733523034,11.5821428124,4.1802748908,42.1477284014,90.0747441871,88.5634103696,1.5113338175,136.4027474793,69641.6178025899,702163.39098701,1500607.27397452,1475429.08956301,25178.1844115125,2272412.28276412
113,MESSAGEix-GLOBIOM_1.0,NPi2020_1000_v3,World,Fossils,EJ/yr,2070,46.7851390651,0.4614084022,92.7621458206,6.7764457772,3.9927689835,41.8571519239,122.6973770511,119.4705125842,3.2268644669,168.5472979585,51400.5657479026,538844.420600374,1579534.05827763,1537993.2979988,41540.7602788288,2169779.04462591
114,MESSAGEix-GLOBIOM_1.0,NPi2020_1000_v3,World,Fossils,EJ/yr,2080,29.036594687,3.7167117966,28.0247373922,68.2585508112,4.847761286,50.175779987,178.3599681802,172.7731548297,5.5868133505,233.3835094532,37968.6936491978,392987.341277885,1396953.06587417,1353195.9598483,43757.1060258721,1827909.10080125
115,MESSAGEix-GLOBIOM_1.0,NPi2020_1000_v3,World,Fossils,EJ/yr,2090,17.657067657,0.5675486989,89.6122261415,9.8202251596,5.1897887033,56.8729871776,278.5158373616,268.7773711164,9.7384662453,340.5786132425,25105.628978876,275123.361781495,1347321.76534164,1300211.88585481,47109.8794868213,1647550.75610201
116,MESSAGEix-GLOBIOM_1.0,NPi2020_1000_v3,World,Fossils,EJ/yr,2100,3.9957888272,0.9170171815,83.3167836669,15.7661991516,12.4170777411,149.7852552579,401.9170369888,380.6992419475,21.2177950413,564.1193699878,15438.8744653291,186236.713734821,499726.812455294,473345.494652085,26381.3178032095,701402.400655444
117,MESSAGEix-GLOBIOM_1.0,NPi2020_1000_v3,World,Renewables,EJ/yr,2020,26.4810758263,3.5473359899,11.9452336502,84.5074303599,,,,#WERT!,#WERT!,0,0,0,0,#WERT!,,0
118,MESSAGEix-GLOBIOM_1.0,NPi2020_1000_v3,World,Renewables,EJ/yr,2030,42.2851506391,4.2537844029,0.4567312044,95.2894843927,9.3938938773,113.0053338091,0.7856055275,#WERT!,#WERT!,123.1848332139,105471.638054584,1268787.77016561,8820.5277743224,#WERT!,,1383079.93599452
119,MESSAGEix-GLOBIOM_1.0,NPi2020_1000_v3,World,Renewables,EJ/yr,2040,66.1877074969,3.4353390348,0.9820227265,95.5826382387,8.6319902348,121.5336328958,1.1027532523,#WERT!,#WERT!,131.2683763829,156672.845059304,2205866.72576736,20015.2554316451,#WERT!,,2382554.82625831
120,MESSAGEix-GLOBIOM_1.0,NPi2020_1000_v3,World,Renewables,EJ/yr,2050,93.750466005,3.3194770242,2.8409027523,93.8396202235,8.1500621217,126.7265433713,1.3615810903,#WERT!,#WERT!,136.2381865833,215219.454190147,3346479.70636879,35955.3994460134,#WERT!,,3597654.56000495
121,MESSAGEix-GLOBIOM_1.0,NPi2020_1000_v3,World,Renewables,EJ/yr,2060,122.3233992101,3.216435847,1.1114494793,95.6721146737,7.7434216477,129.5638558896,1.3577906254,#WERT!,#WERT!,138.6650681627,265351.838466035,4439898.65505153,46528.8156967464,#WERT!,,4751779.30921431
122,MESSAGEix-GLOBIOM_1.0,NPi2020_1000_v3,World,Renewables,EJ/yr,2070,156.366640174,3.25869573,0.989335137,95.751969133,7.7208230698,132.9440081309,0.6047030694,#WERT!,#WERT!,141.2695342701,334750.829451461,5764037.92573621,26218.0407737888,#WERT!,,6125006.79596146
123,MESSAGEix-GLOBIOM_1.0,NPi2020_1000_v3,World,Renewables,EJ/yr,2080,227.735803249,3.2325703268,0.6183554823,96.1490741909,7.6891672442,137.7335188569,0.458207556,#WERT!,#WERT!,145.8808936571,485735.467533815,8700819.3543402,28945.6132732006,#WERT!,,9215500.43514722
124,MESSAGEix-GLOBIOM_1.0,NPi2020_1000_v3,World,Renewables,EJ/yr,2090,315.938838835,3.1437983291,0.5564959047,96.2997057663,7.6088166214,143.1998895301,0.5156076142,#WERT!,#WERT!,151.3243137657,669002.342881256,12590796.4881851,45334.605772098,#WERT!,,13305133.4368385
125,MESSAGEix-GLOBIOM_1.0,NPi2020_1000_v3,World,Renewables,EJ/yr,2100,412.062802588,3.1272441941,0.6344020597,96.2383537462,7.7969049729,150.6969967122,0.6112862206,#WERT!,#WERT!,159.1051879057,884625.853545325,17097868.9372961,69355.6733754486,#WERT!,,18051850.4642169
126,MESSAGEix-GLOBIOM_1.0,NPi2020_1000_v3,Asia (No Japan),Fossils,EJ/yr,2020,24.1100221288,3.4113351449,55.3510830222,41.2375818329,,,,,,0,,,,,,0
127,MESSAGEix-GLOBIOM_1.0,NPi2020_1000_v3,Asia (No Japan),Fossils,EJ/yr,2030,20.0028405487,1.4508650972,77.4846791743,21.0644557285,4.3377075557,35.4552723151,42.0404123568,38.087379394,3.9530329628,81.8333922276,24787.2460962846,202604.382385036,240234.278983427,217645.204081887,22589.0749015405,467625.907464748
128,MESSAGEix-GLOBIOM_1.0,NPi2020_1000_v3,Asia (No Japan),Fossils,EJ/yr,2040,19.7545070411,1.0179176383,85.0819269823,13.9001553794,3.3895326854,32.1063539966,58.6854209261,55.6509221816,3.0344987444,94.1813076081,19000.3517098768,179975.257559278,328966.775462863,311956.600680962,17010.1747819013,527942.384732018
129,MESSAGEix-GLOBIOM_1.0,NPi2020_1000_v3,Asia (No Japan),Fossils,EJ/yr,2050,14.6209388015,1.1158289907,82.464771414,16.4193995953,4.3020796707,41.2879968134,72.6412400298,71.6476304161,0.9936096138,118.2313165139,17249.0644602244,165543.033366042,291252.958489182,287269.109377073,3983.8491121089,474045.056315448
130,MESSAGEix-GLOBIOM_1.0,NPi2020_1000_v3,Asia (No Japan),Fossils,EJ/yr,2060,11.8695771913,1.6633548942,68.2179708213,30.1186742845,4.7317147381,49.0859725178,96.0793482835,94.3422673735,1.73708091,149.8970355394,14518.7566053178,150615.015309217,294809.123062033,289479.077543147,5330.0455188865,459942.894976568
131,MESSAGEix-GLOBIOM_1.0,NPi2020_1000_v3,Asia (No Japan),Fossils,EJ/yr,2070,5.609601234,1.2591293651,77.5258373177,21.2150333173,7.9298203359,90.857725989,125.1402334901,121.3506511009,3.7895823892,223.927779815,9649.850743469,110565.366873633,152283.976688523,147672.408848789,4611.5678397339,272499.194305625
132,MESSAGEix-GLOBIOM_1.0,NPi2020_1000_v3,Asia (No Japan),Fossils,EJ/yr,2080,1.3501857993,4.8151807396,0,95.1848192604,1037.2905356476,12803.9874309016,174.3095342316,141.5735295421,32.7360046896,14015.5875007808,7714.4691830868,95224.9760908651,1296.3634429661,1052.901374552,243.4620684141,104235.808716918
133,MESSAGEix-GLOBIOM_1.0,NPi2020_1000_v3,Asia (No Japan),Fossils,EJ/yr,2090,0.9483860868,4.8206670651,0,95.1793329349,inf,inf,,#WERT!,#WERT!,inf,6603.5407830526,85203.6523463316,0,-109.4510518387,109.4510518387,91807.1931293842
134,MESSAGEix-GLOBIOM_1.0,NPi2020_1000_v3,Asia (No Japan),Fossils,EJ/yr,2100,0.4881876678,4.8858926024,0,95.1141073976,inf,inf,,#WERT!,#WERT!,inf,5732.2000320141,76250.3879958587,0,-89.6876656031,89.6876656031,81982.5880278728
135,MESSAGEix-GLOBIOM_1.0,NPi2020_1000_v3,Asia (No Japan),Renewables,EJ/yr,2020,9.7663339388,3.420292794,22.260153086,74.3195541199,,,,#WERT!,#WERT!,0,0,0,0,#WERT!,,0
136,MESSAGEix-GLOBIOM_1.0,NPi2020_1000_v3,Asia (No Japan),Renewables,EJ/yr,2030,20.5693127345,4.3354148036,0.7019356814,94.962649515,9.0497747619,106.7600134011,1.3473658039,#WERT!,#WERT!,117.1571539669,53243.5356338021,628112.934004495,7927.1054893529,#WERT!,,689283.57512765
137,MESSAGEix-GLOBIOM_1.0,NPi2020_1000_v3,Asia (No Japan),Renewables,EJ/yr,2040,31.5800185041,2.7422833832,2.0193881204,95.2383284964,8.1555206065,125.1485434439,2.1981692494,#WERT!,#WERT!,135.5022332998,72367.2253374007,1110493.52714456,19505.242776662,#WERT!,,1202365.99525862
138,MESSAGEix-GLOBIOM_1.0,NPi2020_1000_v3,Asia (No Japan),Renewables,EJ/yr,2050,43.3926035815,2.760281715,5.7133600228,91.5263582622,7.628207637,132.5708912774,2.409952908,#WERT!,#WERT!,142.6090518224,94146.8858385808,1636182.07061994,29743.4957339796,#WERT!,,1760072.4521925
139,MESSAGEix-GLOBIOM_1.0,NPi2020_1000_v3,Asia (No Japan),Renewables,EJ/yr,2060,53.9857197937,2.8529299509,1.3751021835,95.7719678656,7.2275354995,133.3280908534,2.2076991011,#WERT!,#WERT!,142.763325454,109944.886059848,2028179.83509762,33583.4014431617,#WERT!,,2171708.12260063
140,MESSAGEix-GLOBIOM_1.0,NPi2020_1000_v3,Asia (No Japan),Renewables,EJ/yr,2070,58.2373872938,2.6108783189,3.2197312045,94.1693904766,7.1084975236,135.993521498,1.5549750133,#WERT!,#WERT!,144.6569940349,115279.261674891,2205421.42677977,25217.1954569515,#WERT!,,2345917.88391161
141,MESSAGEix-GLOBIOM_1.0,NPi2020_1000_v3,Asia (No Japan),Renewables,EJ/yr,2080,75.8336865768,2.8281195061,1.7467957989,95.425084695,7.1070624177,143.0275851124,1.2767698081,#WERT!,#WERT!,151.4114173382,150953.657863354,3037898.90660918,27118.528225864,#WERT!,,3215971.0926984
142,MESSAGEix-GLOBIOM_1.0,NPi2020_1000_v3,Asia (No Japan),Renewables,EJ/yr,2090,93.3713493368,2.9414169159,1.6577937259,95.4007893581,7.1699048483,151.4528958345,1.6710820366,#WERT!,#WERT!,160.2938827194,187244.194022796,3955237.34458165,43640.8035685884,#WERT!,,4186122.34217304
143,MESSAGEix-GLOBIOM_1.0,NPi2020_1000_v3,Asia (No Japan),Renewables,EJ/yr,2100,113.9156743905,2.966591036,2.2173330128,94.8160759512,7.6627707181,159.7812168033,2.1686197988,#WERT!,#WERT!,169.6126073202,237249.867754449,4947045.1290724,67143.4366769673,#WERT!,,5251438.43350382
144,MESSAGEix-GLOBIOM_1.0,NPi2020_1000_v3,Middle East + Africa,Fossils,EJ/yr,2020,6.9932384797,2.1038777897,69.2645751245,28.6315470858,,,,,,0,,,,,,0
145,MESSAGEix-GLOBIOM_1.0,NPi2020_1000_v3,Middle East + Africa,Fossils,EJ/yr,2030,9.1777394342,1.421249914,79.3346643358,19.2440857502,3.030597574,28.0496124502,30.5095517035,27.9407358829,2.5688158206,61.5897617277,8155.0071423749,75478.4441965983,82097.8721113362,75185.4692427458,6912.4028685904,165731.323450309
146,MESSAGEix-GLOBIOM_1.0,NPi2020_1000_v3,Middle East + Africa,Fossils,EJ/yr,2040,13.3482473627,1.5706572942,76.0905683455,22.3387743603,3.3158999153,31.3115103635,41.0077144837,39.0874861746,1.920228309,75.6351247625,12905.3770566604,121863.402931393,159600.721121482,152127.253587385,7473.4675340975,294369.501109535
147,MESSAGEix-GLOBIOM_1.0,NPi2020_1000_v3,Middle East + Africa,Fossils,EJ/yr,2050,15.6040863871,1.4299157433,78.4030916833,20.1669925734,3.9209753925,36.8211721498,55.9697098846,55.2136066701,0.7561032145,96.7118574269,17797.608319904,167134.127148766,254050.80995994,250618.799423489,3432.0105364507,438982.54542861
148,MESSAGEix-GLOBIOM_1.0,NPi2020_1000_v3,Middle East + Africa,Fossils,EJ/yr,2060,18.0997706082,0.619663793,90.2552916867,9.1250445203,3.9181121551,37.6471503747,90.4901277693,89.2184132007,1.2717145686,132.0553902991,20497.1875226232,196947.067969953,473389.490758832,466736.651086255,6652.8396725774,690833.746251408
149,MESSAGEix-GLOBIOM_1.0,NPi2020_1000_v3,Middle East + Africa,Fossils,EJ/yr,2070,17.6537265596,0.3892310705,93.9857153328,5.6250535967,3.2840364467,32.3339945635,123.4505543109,120.1290705438,3.3214837671,159.0685853211,16548.2115911313,162930.525380664,622065.536410122,605328.628319523,16736.9080905988,801544.273381917
150,MESSAGEix-GLOBIOM_1.0,NPi2020_1000_v3,Middle East + Africa,Fossils,EJ/yr,2080,14.7053859961,4.8586140763,0,95.1413859237,3.4375532729,34.5244896654,175.5187773426,169.5404247206,5.9783526221,213.4808202809,14436.9503883643,144995.089506466,737139.377802019,712031.641759011,25107.7360430081,896571.417696849
151,MESSAGEix-GLOBIOM_1.0,NPi2020_1000_v3,Middle East + Africa,Fossils,EJ/yr,2090,11.0483339072,0.2619655278,95.7623979019,3.9756365704,3.5173184806,35.6301921458,282.4750621014,271.9769233095,10.4981387919,321.6225727278,10998.353690483,111412.559720846,883275.330013664,850448.548998119,32826.7810155449,1005686.24342499
152,MESSAGEix-GLOBIOM_1.0,NPi2020_1000_v3,Middle East + Africa,Fossils,EJ/yr,2100,2.1799239967,5.1902338827,0,94.8097661173,8.642115081,100.228755444,412.1384458946,381.3995633611,30.7388825335,521.0093164196,5602.1718208013,64972.3712449578,267164.966703974,247238.768091882,19926.1986120926,337739.509769733
153,MESSAGEix-GLOBIOM_1.0,NPi2020_1000_v3,Middle East + Africa,Renewables,EJ/yr,2020,1.1317140276,4.6728595776,0,95.3271404224,,,,#WERT!,#WERT!,0,0,0,0,#WERT!,,0
154,MESSAGEix-GLOBIOM_1.0,NPi2020_1000_v3,Middle East + Africa,Renewables,EJ/yr,2030,2.5604066794,3.7850261016,0,96.2149738984,7.4077725509,94.2527255752,0,#WERT!,#WERT!,101.6604981261,5061.8719337141,64404.6807574208,0,#WERT!,,69466.5526911349
155,MESSAGEix-GLOBIOM_1.0,NPi2020_1000_v3,Middle East + Africa,Renewables,EJ/yr,2040,5.7771980307,3.6794684274,0,96.3205315726,6.5538999395,99.9787450147,0,#WERT!,#WERT!,106.5326449542,10424.9906695198,159031.644296027,0,#WERT!,,169456.634965547
156,MESSAGEix-GLOBIOM_1.0,NPi2020_1000_v3,Middle East + Africa,Renewables,EJ/yr,2050,11.695822068,4.0630261105,0,95.9369738895,7.1404892244,108.9026083521,0,#WERT!,#WERT!,116.0430975765,23220.0022874069,354138.033905507,0,#WERT!,,377358.036192914
157,MESSAGEix-GLOBIOM_1.0,NPi2020_1000_v3,Middle East + Africa,Renewables,EJ/yr,2060,19.1061463866,3.6163525715,2.9522530894,93.4313943391,7.35135525,116.9306376926,1.8805093765,#WERT!,#WERT!,126.1625023191,39608.4154769662,630011.35467005,10132.0088825405,#WERT!,,679751.779029557
158,MESSAGEix-GLOBIOM_1.0,NPi2020_1000_v3,Middle East + Africa,Renewables,EJ/yr,2070,31.6785880967,3.5290049859,0,96.4709950141,7.3363423,124.4526384232,0,#WERT!,#WERT!,131.7889807232,64413.8218236448,1092706.65804251,0,#WERT!,,1157120.47986616
159,MESSAGEix-GLOBIOM_1.0,NPi2020_1000_v3,Middle East + Africa,Renewables,EJ/yr,2080,57.6557956203,3.5686765188,0,96.4313234812,7.3136650482,128.1591892309,0,#WERT!,#WERT!,135.4728542791,116998.751861444,2050198.50934504,0,#WERT!,,2167197.26120648
160,MESSAGEix-GLOBIOM_1.0,NPi2020_1000_v3,Middle East + Africa,Renewables,EJ/yr,2090,90.0451027798,3.4601519704,0,96.5398480296,7.5169047736,136.3055619136,0,#WERT!,#WERT!,143.8224666872,188820.027397005,3423911.9305126,0,#WERT!,,3612731.9579096
161,MESSAGEix-GLOBIOM_1.0,NPi2020_1000_v3,Middle East + Africa,Renewables,EJ/yr,2100,125.143940553,3.3026654944,0,96.6973345056,7.8945978865,149.2744830353,0,#WERT!,#WERT!,157.1690809218,274040.439773788,5181675.56678869,0,#WERT!,,5455716.00656248
162,MESSAGEix-GLOBIOM_1.0,NPi2020_1000_v3,Latin America,Fossils,EJ/yr,2020,2.8582165074,1.8127972009,76.9237813123,21.2634214868,,,,,,0,,,,,,0
163,MESSAGEix-GLOBIOM_1.0,NPi2020_1000_v3,Latin America,Fossils,EJ/yr,2030,3.914066183,1.436304652,79.420086908,19.14360844,2.4874319442,21.113200714,30.0747496528,27.6301992493,2.4445504035,53.675382311,2760.6941970529,23432.6373544219,33378.6767665457,30665.5749552083,2713.1018113374,59572.0083180205
164,MESSAGEix-GLOBIOM_1.0,NPi2020_1000_v3,Latin America,Fossils,EJ/yr,2040,3.9463214176,1.7380250261,73.4975115313,24.7644634426,2.8702855328,25.2639403229,42.0292310573,38.5055144559,3.5237166014,70.163456913,3246.4252072466,28574.6807285044,47536.9971342197,43551.5112766554,3985.4858575644,79358.1030699707
165,MESSAGEix-GLOBIOM_1.0,NPi2020_1000_v3,Latin America,Fossils,EJ/yr,2050,2.7480738362,1.2775755428,77.6562288264,21.0661956308,3.8380417657,37.1579041986,56.6324284779,55.8791329032,0.7532955747,97.6283744422,3228.6381127022,31257.9781585631,47640.3406113992,47006.6531866728,633.6874247263,82126.9568826645
166,MESSAGEix-GLOBIOM_1.0,NPi2020_1000_v3,Latin America,Fossils,EJ/yr,2060,4.013851781,0.7471828739,87.8211934685,11.4316236577,3.9747526133,40.6982724542,78.1890160682,76.7855160714,1.4034999968,122.8620411357,4759.2755421307,48731.1567648955,93621.6937365521,91941.175762667,1680.5179738851,147112.126043578
167,MESSAGEix-GLOBIOM_1.0,NPi2020_1000_v3,Latin America,Fossils,EJ/yr,2070,3.414660669,0.9435315141,82.5261617796,16.5303067063,4.1029829271,43.6313761536,113.182718179,110.3693023879,2.8134157911,160.9170772597,4746.0097625745,50469.3635972167,130920.916557497,127666.577202894,3254.3393546034,186136.289917288
168,MESSAGEix-GLOBIOM_1.0,NPi2020_1000_v3,Latin America,Fossils,EJ/yr,2080,2.209216432,4.8175302033,0,95.1824697967,5.6948611985,60.1256017744,187.5744197585,181.6445128369,5.9299069216,253.3948827314,4436.952267647,46844.7633465319,146142.06002321,141521.980086986,4620.0799362239,197423.775637389
169,MESSAGEix-GLOBIOM_1.0,NPi2020_1000_v3,Latin America,Fossils,EJ/yr,2090,1.235455856,0.4683077681,91.5434267933,7.9882654386,7.4862794739,87.8676746239,255.4828610346,246.7045399607,8.7783210739,350.8368151324,3658.6634113162,42942.324996663,124858.522734164,120568.41811841,4290.1046157537,171459.511142143
170,MESSAGEix-GLOBIOM_1.0,NPi2020_1000_v3,Latin America,Fossils,EJ/yr,2100,0.6033648851,4.9206838598,0,95.0793161402,10.0880442968,119.9929313255,382.5989949724,370.7940688484,11.804926124,512.6799705947,3023.5609057378,35963.9515297836,114671.519051457,111133.379043984,3538.1400074727,153659.031486978
171,MESSAGEix-GLOBIOM_1.0,NPi2020_1000_v3,Latin America,Renewables,EJ/yr,2020,3.1446775092,5.1979435585,0,94.8020564415,,,,#WERT!,#WERT!,0,0,0,0,#WERT!,,0
172,MESSAGEix-GLOBIOM_1.0,NPi2020_1000_v3,Latin America,Renewables,EJ/yr,2030,4.1567470739,4.635764218,0,95.364235782,10.0160079251,85.5076544339,0.2972647036,#WERT!,#WERT!,95.8209270626,9807.1666087485,83724.7553744691,291.0665104034,#WERT!,,93822.988493621
173,MESSAGEix-GLOBIOM_1.0,NPi2020_1000_v3,Latin America,Renewables,EJ/yr,2040,8.4174431948,4.8417926968,0,95.1582073032,9.6723352429,94.8577577435,0.037690291,#WERT!,#WERT!,104.5677832774,21694.3159402975,212758.771712544,84.536470309,#WERT!,,234537.62412315
174,MESSAGEix-GLOBIOM_1.0,NPi2020_1000_v3,Latin America,Renewables,EJ/yr,2050,11.9588709511,3.462180804,0.0558787069,96.481940489,8.6651680336,106.2950209127,0.0132823289,#WERT!,#WERT!,114.9734712752,28796.7594477696,353247.869615621,44.1408672207,#WERT!,,382088.769930611
175,MESSAGEix-GLOBIOM_1.0,NPi2020_1000_v3,Latin America,Renewables,EJ/yr,2060,15.0762885514,3.6108464182,0,96.3891535818,8.0440108643,109.5896571736,0.0227232634,#WERT!,#WERT!,117.6563913013,33698.688658053,459102.77839539,95.1943243071,#WERT!,,492896.66137775
176,MESSAGEix-GLOBIOM_1.0,NPi2020_1000_v3,Latin America,Renewables,EJ/yr,2070,19.3553211073,3.0909137072,0.0276290307,96.8814572621,7.7443019309,115.1337918941,0.0124866821,#WERT!,#WERT!,122.8905805071,41625.6115790801,618843.963440542,67.1158982663,#WERT!,,660536.690917888
177,MESSAGEix-GLOBIOM_1.0,NPi2020_1000_v3,Latin America,Renewables,EJ/yr,2080,25.0856845845,3.0245968241,0.0318065336,96.9435966423,7.8133561173,124.0861243752,0.0150394745,#WERT!,#WERT!,131.914519967,54487.8915770961,865337.658958278,104.8805715408,#WERT!,,919930.431106915
178,MESSAGEix-GLOBIOM_1.0,NPi2020_1000_v3,Latin America,Renewables,EJ/yr,2090,33.1868199361,3.1252006978,0.0165625018,96.8582368004,7.8302328464,131.0469338769,0.0181396821,#WERT!,#WERT!,138.8953064054,71770.0842642103,1201145.56889689,166.264086259,#WERT!,,1273081.91724736
179,MESSAGEix-GLOBIOM_1.0,NPi2020_1000_v3,Latin America,Renewables,EJ/yr,2100,44.9528990957,3.4050310169,0.0187789704,96.5761900127,7.8239687317,139.3142630967,0.0173924283,#WERT!,#WERT!,147.1556242567,96123.0076940245,1711574.57843083,213.6783233967,#WERT!,,1807911.26444825
180,MESSAGEix-GLOBIOM_1.0,NPi2020_1000_v3,Central Asia,Fossils,EJ/yr,2020,4.3218146796,2.2656884435,63.6736941443,34.0606174122,,,,,,0,,,,,,0
181,MESSAGEix-GLOBIOM_1.0,NPi2020_1000_v3,Central Asia,Fossils,EJ/yr,2030,4.0910024978,1.4560033736,80.0279220498,18.5160745766,3.2204320793,30.2265778627,28.7773156451,26.9751215441,1.8021941011,62.2243255871,4872.7787991052,45735.3001560478,43542.4471368781,40815.5791293212,2726.8680075568,94150.5260920311
182,MESSAGEix-GLOBIOM_1.0,NPi2020_1000_v3,Central Asia,Fossils,EJ/yr,2040,5.2351238996,1.7263680659,74.004351702,24.2692802321,3.3792728064,32.1743662138,37.8772925562,36.1174450896,1.7598474666,73.4309315764,6352.8392911985,60485.9653429346,71207.1401691026,67898.7277464216,3308.412422681,138045.944803236
183,MESSAGEix-GLOBIOM_1.0,NPi2020_1000_v3,Central Asia,Fossils,EJ/yr,2050,4.4497658404,1.6508424277,73.5586954728,24.7904620995,4.1966821008,39.4207016149,56.286895716,55.9240168207,0.3628788952,99.9042794317,7092.7680404197,66624.5109420487,95129.8872393973,94516.5894558413,613.297783556,168847.166221866
184,MESSAGEix-GLOBIOM_1.0,NPi2020_1000_v3,Central Asia,Fossils,EJ/yr,2060,3.3603793721,0.8215580276,86.3619493014,12.816492671,4.3831169711,44.0565015907,85.3872609536,84.7593679227,0.6278930309,133.8268795154,5976.046399963,60067.6868685,116419.031660051,115562.947300095,856.0843599554,182462.764928514
185,MESSAGEix-GLOBIOM_1.0,NPi2020_1000_v3,Central Asia,Fossils,EJ/yr,2070,1.2613039576,4.7764121588,0,95.2235878412,5.0773708208,56.2725170853,117.8899294082,116.4672019009,1.4227275073,179.2398173143,3106.3381305059,34427.5554592549,72125.1206274395,71254.6951924656,870.4254349739,109659.0142172
186,MESSAGEix-GLOBIOM_1.0,NPi2020_1000_v3,Central Asia,Fossils,EJ/yr,2080,0.1360400365,2.0264341782,58.9093462418,39.0642195799,23.3717404343,249.7951420034,171.7219433644,171.7219433644,0,444.8888258021,2332.6411419654,24931.0669412592,17138.8892152414,17138.8892152414,0,44402.597298466
187,MESSAGEix-GLOBIOM_1.0,NPi2020_1000_v3,Central Asia,Fossils,EJ/yr,2090,0.0551245471,1.3143494378,74.4529419046,24.2327086576,23.1524750801,293.6411733799,265.7418601964,265.7418601964,0,582.5355086564,819.2736348331,10390.7884845687,9403.5432055175,9403.5432055175,0,20613.6053249193
188,MESSAGEix-GLOBIOM_1.0,NPi2020_1000_v3,Central Asia,Fossils,EJ/yr,2100,0.0001229846,0,0,0,3.0949737149,29.312578749,408.4709206973,408.4709206973,0,440.8784731612,23.3698179604,221.3361703277,3084.320559153,3084.320559153,0,3329.0265474411
189,MESSAGEix-GLOBIOM_1.0,NPi2020_1000_v3,Central Asia,Renewables,EJ/yr,2020,1.0210439916,5.3947358462,0,94.6052641538,,,,#WERT!,#WERT!,0,0,0,0,#WERT!,,0
190,MESSAGEix-GLOBIOM_1.0,NPi2020_1000_v3,Central Asia,Renewables,EJ/yr,2030,1.2864079685,4.5619342174,0,95.4380657826,11.2949580328,127.3658554105,0.3909115449,#WERT!,#WERT!,139.0517249882,5536.7647693491,62434.4755429495,191.6240205069,#WERT!,,68162.8643328055
191,MESSAGEix-GLOBIOM_1.0,NPi2020_1000_v3,Central Asia,Renewables,EJ/yr,2040,1.8541942956,4.1236154285,0,95.8763845715,9.8981276113,115.9483151289,0,#WERT!,#WERT!,125.8464427402,7567.322593284,88644.8770093336,0,#WERT!,,96212.1996026176
192,MESSAGEix-GLOBIOM_1.0,NPi2020_1000_v3,Central Asia,Renewables,EJ/yr,2050,2.9493297954,4.1371749331,0,95.8628250669,9.5291990064,113.0206440118,0,#WERT!,#WERT!,122.5498430182,10901.7048916565,129299.189455205,0,#WERT!,,140200.894346862
193,MESSAGEix-GLOBIOM_1.0,NPi2020_1000_v3,Central Asia,Renewables,EJ/yr,2060,5.1447868234,4.0482642666,0,95.9517357334,9.4458395069,119.9754493268,0,#WERT!,#WERT!,129.4212888337,16590.7725869893,210726.150317654,0,#WERT!,,227316.922904643
194,MESSAGEix-GLOBIOM_1.0,NPi2020_1000_v3,Central Asia,Renewables,EJ/yr,2070,9.0952261394,4.4819479503,0,95.5180520497,11.0546375543,130.1334112421,0,#WERT!,#WERT!,141.1880487964,31492.8232234559,370728.438229345,0,#WERT!,,402221.261452801
195,MESSAGEix-GLOBIOM_1.0,NPi2020_1000_v3,Central Asia,Renewables,EJ/yr,2080,12.9317528496,3.7756313875,0,96.2243686125,11.1952264073,139.3172391066,0,#WERT!,#WERT!,150.5124655139,44460.0600900882,553276.244436805,0,#WERT!,,597736.304526893
196,MESSAGEix-GLOBIOM_1.0,NPi2020_1000_v3,Central Asia,Renewables,EJ/yr,2090,17.1588702939,3.1716154247,0,96.8283845753,10.2690047082,145.9771380095,0,#WERT!,#WERT!,156.2461427177,58817.1560619518,836104.408530186,0,#WERT!,,894921.564592138
197,MESSAGEix-GLOBIOM_1.0,NPi2020_1000_v3,Central Asia,Renewables,EJ/yr,2100,22.5913840653,3.1925112693,0,96.8074887307,9.6427227484,148.0067116183,0,#WERT!,#WERT!,157.6494343667,73076.775210196,1121659.66778466,0,#WERT!,,1194736.44299486
198,MESSAGEix-GLOBIOM_1.0,NPi2020_1000_v3,OECD90 + EU,Fossils,EJ/yr,2020,22.399548332,2.2099871371,61.4331646355,36.3568482274,,,,,,0,,,,,,0
199,MESSAGEix-GLOBIOM_1.0,NPi2020_1000_v3,OECD90 + EU,Fossils,EJ/yr,2030,20.7059840782,1.338689711,79.2899427919,19.3713674971,4.3570891927,46.3701112849,37.1721212606,34.182950607,2.9891706536,87.8993217382,24173.5599654573,257265.944346804,206234.589792232,189650.376606184,16584.2131860483,487674.094104493
200,MESSAGEix-GLOBIOM_1.0,NPi2020_1000_v3,OECD90 + EU,Fossils,EJ/yr,2040,22.6330889067,1.36676076,78.1328774934,20.5003617467,4.2352525046,44.8195574275,47.7708605495,45.056574517,2.7142860325,96.8256704816,25398.1329475154,268775.728707986,286474.222240162,270197.082344792,16277.1398953704,580648.083895663
201,MESSAGEix-GLOBIOM_1.0,NPi2020_1000_v3,OECD90 + EU,Fossils,EJ/yr,2050,25.0068699891,1.288625303,78.4080476189,20.3033270782,4.3263374883,44.4441980474,64.8239555543,63.6233781584,1.2005773959,113.59449109,28497.4437576295,292752.481202093,426993.278394564,419085.114292943,7908.1641016212,748243.203354287
202,MESSAGEix-GLOBIOM_1.0,NPi2020_1000_v3,OECD90 + EU,Fossils,EJ/yr,2060,22.4872228001,0.5493391077,91.707384023,7.7432768693,4.1197420599,42.3871009104,90.0790903226,88.241064564,1.8380257586,136.5859332929,23890.3517325552,245802.464074445,522367.934757055,511709.237870847,10658.6968862081,792060.750564055
203,MESSAGEix-GLOBIOM_1.0,NPi2020_1000_v3,OECD90 + EU,Fossils,EJ/yr,2070,18.8458466467,0.3688797466,94.9626867301,4.6684335232,3.5780900551,37.2141971791,124.1778959679,120.8643215232,3.3135744447,164.9701832021,17350.1555202218,180451.609289606,602138.507994049,586070.98843513,16067.5195589188,799940.272803877
204,MESSAGEix-GLOBIOM_1.0,NPi2020_1000_v3,OECD90 + EU,Fossils,EJ/yr,2080,10.6357664209,2.1151038075,70.9547183847,26.9301778078,3.294763905,29.49349128,180.3431170825,175.322930132,5.0201869505,213.1313722675,9047.6806681344,80991.4453927626,495236.375390739,481450.547412513,13785.8279782261,585275.501451636
205,MESSAGEix-GLOBIOM_1.0,NPi2020_1000_v3,OECD90 + EU,Fossils,EJ/yr,2090,4.3697672623,0.4871159244,93.4426880833,6.0701959923,2.5502115347,21.2172554319,277.9498344232,269.6197577403,8.3300766828,301.7173013898,3025.7974591911,25174.0362330864,329784.36938829,319900.826584606,9883.542803684,357984.203080567
206,MESSAGEix-GLOBIOM_1.0,NPi2020_1000_v3,OECD90 + EU,Fossils,EJ/yr,2100,0.7241892938,0.2613282327,96.5506621581,3.1880096092,3.6740490102,30.671157997,398.8408709439,389.0187418639,9.82212908,433.1860779511,1057.5718888156,8828.6667938928,114806.00614071,111978.714622669,2827.2915180411,124692.244823418
207,MESSAGEix-GLOBIOM_1.0,NPi2020_1000_v3,OECD90 + EU,Renewables,EJ/yr,2020,11.4173063635,3.5163906321,0,96.4836093679,,,,#WERT!,#WERT!,0,0,0,0,#WERT!,,0
208,MESSAGEix-GLOBIOM_1.0,NPi2020_1000_v3,OECD90 + EU,Renewables,EJ/yr,2030,13.7122761887,3.9222912907,0,96.0777087093,9.9706283592,134.7632415436,0.1286913199,#WERT!,#WERT!,144.8625612227,31822.2991089707,430110.92448628,410.7317540592,#WERT!,,462343.95534931
209,MESSAGEix-GLOBIOM_1.0,NPi2020_1000_v3,OECD90 + EU,Renewables,EJ/yr,2040,18.5588534758,3.5992966895,0.1537441584,96.2469591522,9.5365104098,135.7066100329,0.0909379172,#WERT!,#WERT!,145.3340583599,44618.9905188016,634937.905604898,425.4761846741,#WERT!,,679982.372308374
210,MESSAGEix-GLOBIOM_1.0,NPi2020_1000_v3,OECD90 + EU,Renewables,EJ/yr,2050,23.7538396056,3.6043079423,1.4227938803,94.9728981774,9.1639486935,137.664245213,0.971918757,#WERT!,#WERT!,147.8001126635,58154.1017247329,873612.54277252,6167.7628448131,#WERT!,,937934.407342066
211,MESSAGEix-GLOBIOM_1.0,NPi2020_1000_v3,OECD90 + EU,Renewables,EJ/yr,2060,29.0104576524,3.1491956753,0,96.8508043247,8.4829054907,143.9794478002,0.3519867617,#WERT!,#WERT!,152.8143400526,65509.0756841783,1111878.53657082,2718.2110467371,#WERT!,,1180105.82330174
212,MESSAGEix-GLOBIOM_1.0,NPi2020_1000_v3,OECD90 + EU,Renewables,EJ/yr,2070,38.000117532,3.2375199898,0.1452014983,96.6172785119,8.0841126408,145.6550950586,0.0921215188,#WERT!,#WERT!,153.8313292182,81939.3111503895,1476337.43924404,933.729418571,#WERT!,,1559210.479813
213,MESSAGEix-GLOBIOM_1.0,NPi2020_1000_v3,OECD90 + EU,Renewables,EJ/yr,2080,56.228883618,3.3487665612,0.1015235522,96.5497098866,7.928078961,146.3798225552,0.114896797,#WERT!,#WERT!,154.4227983132,118835.106141832,2194108.0349909,1722.2044757959,#WERT!,,2314665.34560853
214,MESSAGEix-GLOBIOM_1.0,NPi2020_1000_v3,OECD90 + EU,Renewables,EJ/yr,2090,82.176696498,3.0214216427,0.1253945727,96.8531837846,7.4484715539,145.6376913098,0.0700816906,#WERT!,#WERT!,153.1562445543,162350.881135293,3174397.23566379,1527.5381172506,#WERT!,,3338275.65491633
215,MESSAGEix-GLOBIOM_1.0,NPi2020_1000_v3,OECD90 + EU,Renewables,EJ/yr,2100,105.45890454,2.9102988774,0.0784272208,97.0112739018,7.3112760218,148.1308731038,0.0715798726,#WERT!,#WERT!,155.5137289982,204135.763112867,4135913.99521953,1998.5583750846,#WERT!,,4342048.31670748
216,MESSAGEix-GLOBIOM_1.0,NPi2020_400_v3,World,Fossils,EJ/yr,2020,60.682840123,2.7189882383,60.1188537873,37.1621579744,,,,,,0,,,,,,0
217,MESSAGEix-GLOBIOM_1.0,NPi2020_400_v3,World,Fossils,EJ/yr,2030,48.0804982673,1.0847712349,83.7176167173,15.1976120478,4.0551363622,38.4996325295,71.9556581005,64.3582323826,7.5974257179,114.5104269922,55377.7817890911,525758.953271558,982641.365625102,878889.346954381,103752.018670721,1563778.10068575
218,MESSAGEix-GLOBIOM_1.0,NPi2020_400_v3,World,Fossils,EJ/yr,2040,50.1953523,0.9976392252,85.1616997392,13.8406610356,4.2683711865,41.9201968838,102.8202248067,100.0546352768,2.7655895298,149.008792877,60803.6041147005,597159.652792858,1464689.9182235,1425293.66996702,39396.2482564811,2122653.17513106
219,MESSAGEix-GLOBIOM_1.0,NPi2020_400_v3,World,Fossils,EJ/yr,2050,41.8585513233,0.4552293416,92.6011239776,6.9436466809,3.4726308659,35.7596508927,136.9400660666,132.8182259784,4.1218400882,176.1723478252,41321.7190124492,425513.192515673,1629484.71925011,1580437.89437364,49046.824876471,2096319.63077823
220,MESSAGEix-GLOBIOM_1.0,NPi2020_400_v3,World,Fossils,EJ/yr,2060,28.6633697095,0.4283784429,92.9743911892,6.5972303679,3.5626095469,36.4798375549,207.3171209562,200.5916414432,6.7254795131,247.359568058,28866.8718030181,295586.361692202,1679835.15298703,1625340.39223294,54494.7607540904,2004288.38648225
221,MESSAGEix-GLOBIOM_1.0,NPi2020_400_v3,World,Fossils,EJ/yr,2070,16.6077995957,0.6328174546,88.4624805764,10.904701969,3.8711218972,37.9942250002,320.467382684,308.5207107904,11.9466718936,362.3327295814,18982.1377558171,186305.580665185,1571419.38846805,1512838.60035776,58580.7881102889,1776707.10688905
222,MESSAGEix-GLOBIOM_1.0,NPi2020_400_v3,World,Fossils,EJ/yr,2080,2.910553559,0.4857157164,91.1108507103,8.4034335733,11.2901004309,127.470820692,473.4494218985,447.6754635992,25.7739582993,612.2103430214,10867.8143623137,122703.002012352,455740.890758933,430930.961397134,24809.9293617993,589311.707133599
223,MESSAGEix-GLOBIOM_1.0,NPi2020_400_v3,World,Fossils,EJ/yr,2090,0.4238840361,1.2537370023,76.1607037639,22.5855592339,37.9730032882,473.6815973459,730.6672854108,703.72154766,26.9457377508,1242.3218860449,9044.8718606596,112827.245141218,174039.222527591,167620.958918127,6418.2636094643,295911.339529469
224,MESSAGEix-GLOBIOM_1.0,NPi2020_400_v3,World,Fossils,EJ/yr,2100,0.1500959217,1.0068722165,81.1087776977,17.8843500858,73.51307832,920.991776249,1147.9427020516,1125.7580800687,22.1846219829,2142.4475566206,10036.9529224286,125745.667456913,156731.932894863,153703.002376195,3028.9305186679,292514.553274205
225,MESSAGEix-GLOBIOM_1.0,NPi2020_400_v3,World,Renewables,EJ/yr,2020,26.4810758263,3.5473359899,11.9452336502,84.5074303599,,,,#WERT!,#WERT!,0,0,0,0,#WERT!,,0
226,MESSAGEix-GLOBIOM_1.0,NPi2020_400_v3,World,Renewables,EJ/yr,2030,55.680909879,3.9037243242,1.4094453812,94.6868302946,9.6642286898,129.8349075041,1.4418419657,#WERT!,#WERT!,140.9409781596,145768.063104295,1958333.52020244,21747.6756183625,#WERT!,,2125849.2589251
227,MESSAGEix-GLOBIOM_1.0,NPi2020_400_v3,World,Renewables,EJ/yr,2040,92.420430141,3.7182736867,0,96.2817263133,9.2273240148,136.4309832995,0.8944203295,#WERT!,#WERT!,146.5527276438,233036.460406993,3445570.28528968,22588.6234599066,#WERT!,,3701195.36915658
228,MESSAGEix-GLOBIOM_1.0,NPi2020_400_v3,World,Renewables,EJ/yr,2050,125.824718109,3.0755636527,1.7729064911,95.1515298562,8.5732973647,140.0209448995,0.8096360716,#WERT!,#WERT!,149.4038783358,297080.806800737,4851987.92368487,28055.405889596,#WERT!,,5177124.1363752
229,MESSAGEix-GLOBIOM_1.0,NPi2020_400_v3,World,Renewables,EJ/yr,2060,170.347575123,3.2499549015,3.5915178712,93.1585272273,8.0630722143,137.4897689608,1.7691886817,#WERT!,#WERT!,147.3220298568,382861.700467299,6528475.16949261,84007.0098724752,#WERT!,,6995343.87983238
230,MESSAGEix-GLOBIOM_1.0,NPi2020_400_v3,World,Renewables,EJ/yr,2070,235.035750498,3.2113374906,0.7952689716,95.9933935378,7.8651691737,141.3711109843,1.3755988085,#WERT!,#WERT!,150.6118789665,516188.038863117,9278131.83914478,90280.022657289,#WERT!,,9884599.90066519
231,MESSAGEix-GLOBIOM_1.0,NPi2020_400_v3,World,Renewables,EJ/yr,2080,295.999017013,3.1490133291,1.7498432882,95.1011433827,7.9324526952,143.9128086395,1.2496107831,#WERT!,#WERT!,153.0948721178,653092.143893058,11848583.0725523,102882.553063264,#WERT!,,12604557.7695086
232,MESSAGEix-GLOBIOM_1.0,NPi2020_400_v3,World,Renewables,EJ/yr,2090,364.530164179,3.2046273721,1.3321340461,95.4632385818,8.0433701596,150.5819518184,1.1986566806,#WERT!,#WERT!,159.8239786586,800249.905364577,14981679.3583595,119256.589736773,#WERT!,,15901185.8534609
233,MESSAGEix-GLOBIOM_1.0,NPi2020_400_v3,World,Renewables,EJ/yr,2100,432.401700778,3.1411938893,1.334145482,95.5246606287,8.2193433821,158.7586740363,1.6061739591,#WERT!,#WERT!,168.5841913775,971528.396530026,18765314.0709681,189850.154512189,#WERT!,,19926692.6220103
234,MESSAGEix-GLOBIOM_1.0,NPi2020_400_v3,Asia (No Japan),Fossils,EJ/yr,2020,24.1100221288,3.4113351449,55.3510830222,41.2375818329,,,,,,0,,,,,,0
235,MESSAGEix-GLOBIOM_1.0,NPi2020_400_v3,Asia (No Japan),Fossils,EJ/yr,2030,15.4974577149,1.1073612278,83.5243402785,15.3682984938,4.2595028346,35.1786050684,85.4430796235,77.6128254278,7.8302541957,124.8811875265,18877.0654198838,155902.896425891,378662.643585894,343960.889309605,34701.7542762895,553442.605431669
236,MESSAGEix-GLOBIOM_1.0,NPi2020_400_v3,Asia (No Japan),Fossils,EJ/yr,2040,14.2895975927,0.5555310916,91.5338890978,7.9105798106,3.7176487566,35.0378331528,124.2005676908,121.2939928314,2.9065748594,162.9560496002,14855.9523225567,140013.329090765,496313.081961938,484698.230651254,11614.851310684,651182.36337526
237,MESSAGEix-GLOBIOM_1.0,NPi2020_400_v3,Asia (No Japan),Fossils,EJ/yr,2050,9.0089915221,0.547662408,90.5951589877,8.8571786043,3.6958703995,38.8179263827,147.9704332032,143.2701476643,4.7002855389,190.4842299854,8980.6447616593,94324.1968867174,359555.32856883,348134.04206762,11421.2865012102,462860.170217207
238,MESSAGEix-GLOBIOM_1.0,NPi2020_400_v3,Asia (No Japan),Fossils,EJ/yr,2060,3.1455198438,4.7037055479,0,95.2962944521,5.6872290241,64.5681940261,204.2506780042,196.5955070848,7.6551709194,274.5061010544,4777.6013180466,54241.0174755298,171582.382969184,165151.596637295,6430.7863318884,230601.00176276
239,MESSAGEix-GLOBIOM_1.0,NPi2020_400_v3,Asia (No Japan),Fossils,EJ/yr,2070,0.7751610874,4.8370387327,0,95.1629612673,12.8962451464,156.9194569543,296.8178166218,286.4529622287,10.3648543931,466.6335187225,2975.7910061812,36208.9510084239,68490.3069962657,66098.6309593165,2391.6760369492,107675.049010871
240,MESSAGEix-GLOBIOM_1.0,NPi2020_400_v3,Asia (No Japan),Fossils,EJ/yr,2080,0.347746262,0.6849774725,86.3362232945,12.978799233,29.1582761143,376.6829488312,470.8112580238,452.6239478555,18.1873101683,876.6524829693,3244.6635482843,41916.3817690251,52390.7559227572,50366.9153461371,2023.8405766201,97551.8012400666
241,MESSAGEix-GLOBIOM_1.0,NPi2020_400_v3,Asia (No Japan),Fossils,EJ/yr,2090,0.1830612234,4.8025443036,0,95.1974556964,50.9597096839,659.3552094477,736.257956333,705.7941668442,30.4637894889,1446.5728754646,3650.8202561451,47237.069629722,52746.4830040103,50564.0172789323,2182.465725078,103634.372889877
242,MESSAGEix-GLOBIOM_1.0,NPi2020_400_v3,Asia (No Japan),Fossils,EJ/yr,2100,0.1308588227,4.9462757882,0,95.0537242118,80.4780343807,1045.2165531928,1164.1042765568,1118.6930685536,45.4112080032,2289.7988641303,4614.9994895716,59937.7693129935,66755.3660257246,64151.2678594587,2604.098166266,131308.13482829
243,MESSAGEix-GLOBIOM_1.0,NPi2020_400_v3,Asia (No Japan),Renewables,EJ/yr,2020,9.7663339388,3.420292794,22.260153086,74.3195541199,,,,#WERT!,#WERT!,0,0,0,0,#WERT!,,0
244,MESSAGEix-GLOBIOM_1.0,NPi2020_400_v3,Asia (No Japan),Renewables,EJ/yr,2030,25.8563698488,3.2982289383,2.4614572272,94.2403138345,8.5178859188,132.4371689533,2.6110527282,#WERT!,#WERT!,143.5661076003,63559.2807886156,988227.746719124,19483.3125361963,#WERT!,,1071270.34004394
245,MESSAGEix-GLOBIOM_1.0,NPi2020_400_v3,Asia (No Japan),Renewables,EJ/yr,2040,43.4545524381,3.1555444188,0,96.8444555812,7.89834037,139.2696056964,1.7889374493,#WERT!,#WERT!,148.9568835157,95924.2761352905,1691410.53541823,21726.403502236,#WERT!,,1809061.21505576
246,MESSAGEix-GLOBIOM_1.0,NPi2020_400_v3,Asia (No Japan),Renewables,EJ/yr,2050,56.1126208304,2.4320407081,3.4764770391,94.0914822528,7.3882899252,144.1483642287,1.514800789,#WERT!,#WERT!,153.0514549429,115303.698873633,2249619.29627715,23640.4006614045,#WERT!,,2388563.39581219
247,MESSAGEix-GLOBIOM_1.0,NPi2020_400_v3,Asia (No Japan),Renewables,EJ/yr,2060,66.0986518925,2.6938929514,2.9139961761,94.3921108725,7.1383598171,143.3494450432,1.7415723677,#WERT!,#WERT!,152.229377228,131739.994515085,2645545.41767475,32141.0996429341,#WERT!,,2809426.51183277
248,MESSAGEix-GLOBIOM_1.0,NPi2020_400_v3,Asia (No Japan),Renewables,EJ/yr,2070,83.1357090086,2.7616582231,1.9814989523,95.2568428246,7.0917867455,148.829185354,2.1211692873,#WERT!,#WERT!,158.0421413868,164064.19512062,3443073.1466853,49071.9679428427,#WERT!,,3656209.30974876
249,MESSAGEix-GLOBIOM_1.0,NPi2020_400_v3,Asia (No Japan),Renewables,EJ/yr,2080,94.6452183122,2.7269147368,5.3004388632,91.9726464001,7.4176168256,153.4597769994,2.8080685023,#WERT!,#WERT!,163.6854623273,195503.414808925,4044683.23782819,74011.2348907129,#WERT!,,4314197.88752783
250,MESSAGEix-GLOBIOM_1.0,NPi2020_400_v3,Asia (No Japan),Renewables,EJ/yr,2090,111.4605538865,2.9780310295,3.6562603567,93.3657086139,7.8183993663,160.3207703931,3.7939618535,#WERT!,#WERT!,171.9331316129,235686.447394253,4832885.99714087,114369.367553146,#WERT!,,5182941.81208827
251,MESSAGEix-GLOBIOM_1.0,NPi2020_400_v3,Asia (No Japan),Renewables,EJ/yr,2100,127.4309639605,2.6105509394,4.0376230348,93.3518260258,7.8226664999,170.5482783791,5.3105090486,#WERT!,#WERT!,183.6814539276,268032.433100845,5843591.82581558,181956.96586382,#WERT!,,6293581.22478025
252,MESSAGEix-GLOBIOM_1.0,NPi2020_400_v3,Middle East + Africa,Fossils,EJ/yr,2020,6.9932384797,2.1038777897,69.2645751245,28.6315470858,,,,,,0,,,,,,0
253,MESSAGEix-GLOBIOM_1.0,NPi2020_400_v3,Middle East + Africa,Fossils,EJ/yr,2030,7.6417862193,0.9323172331,86.2799956905,12.7876870763,3.2192773101,30.1338526511,63.3490572273,55.0603771638,8.2886800635,96.7021871885,7238.4949351916,67755.4987607181,142439.369374793,123802.401235514,18636.9681392789,217433.363070703
254,MESSAGEix-GLOBIOM_1.0,NPi2020_400_v3,Middle East + Africa,Fossils,EJ/yr,2040,11.1951734284,1.3082118743,79.9604310617,18.7313570641,3.5441935615,33.7577657858,92.2359243717,89.3766538837,2.859270488,129.537883719,11616.6676026757,110646.537028794,302318.159505304,292946.438049103,9371.7214562005,424581.364136774
255,MESSAGEix-GLOBIOM_1.0,NPi2020_400_v3,Middle East + Africa,Fossils,EJ/yr,2050,12.9018133923,0.3372930702,94.9821637471,4.6805431827,2.8068684042,27.5783237837,126.7861582122,122.9139199399,3.8722382722,157.1713504001,10731.3926131177,105439.150512399,484736.669403017,469932.088921332,14804.5804816853,600907.212528534
256,MESSAGEix-GLOBIOM_1.0,NPi2020_400_v3,Middle East + Africa,Fossils,EJ/yr,2060,12.726382916,0.3059388684,95.4810645264,4.2129966051,2.8509180006,28.1280475468,206.5700059764,200.1054737579,6.4645322185,237.5489715238,10399.0123268578,102599.903999727,753485.031163343,729904.994763109,23580.0364002338,866483.947489928
257,MESSAGEix-GLOBIOM_1.0,NPi2020_400_v3,Middle East + Africa,Fossils,EJ/yr,2070,10.2294786314,4.8427494597,2.40209265,92.7551578903,3.1563322997,28.0374098581,326.599201612,313.7183079439,12.8808936681,357.7929437698,9214.5402027747,81851.9141172916,953467.882247971,915863.631084667,37604.2511633041,1044534.33656804
258,MESSAGEix-GLOBIOM_1.0,NPi2020_400_v3,Middle East + Africa,Fossils,EJ/yr,2080,0.9119381417,4.7826411239,0,95.2173588761,11.6021375433,111.723069515,485.0116454434,437.220485193,47.7911602504,608.3368525017,3123.7146842796,30079.8875650802,130582.661450586,117715.554118329,12867.1073322566,163786.263699946
259,MESSAGEix-GLOBIOM_1.0,NPi2020_400_v3,Middle East + Africa,Fossils,EJ/yr,2090,0,5.0491874644,0,94.9508125356,inf,inf,,#WERT!,#WERT!,inf,2002.1070194101,25175.7817970967,0,0,0,27177.8888165068
260,MESSAGEix-GLOBIOM_1.0,NPi2020_400_v3,Middle East + Africa,Fossils,EJ/yr,2100,0,5.1902338827,0,94.8097661173,inf,inf,,#WERT!,#WERT!,inf,2187.3462587956,27204.01547481,0,0,0,29391.3617336056
261,MESSAGEix-GLOBIOM_1.0,NPi2020_400_v3,Middle East + Africa,Renewables,EJ/yr,2020,1.1317140276,4.6728595776,0,95.3271404224,,,,#WERT!,#WERT!,0,0,0,0,#WERT!,,0
262,MESSAGEix-GLOBIOM_1.0,NPi2020_400_v3,Middle East + Africa,Renewables,EJ/yr,2030,4.3315386781,4.4586426554,0,95.5413573446,9.1544914291,105.6275987058,0,#WERT!,#WERT!,114.7820901349,10714.7755833869,123630.681651184,0,#WERT!,,134345.457234571
263,MESSAGEix-GLOBIOM_1.0,NPi2020_400_v3,Middle East + Africa,Renewables,EJ/yr,2040,8.6819196806,3.9285354965,0,96.0714645035,8.6431212188,116.4189176162,0,#WERT!,#WERT!,125.062038835,20529.0710346431,276517.263729543,0,#WERT!,,297046.334764186
264,MESSAGEix-GLOBIOM_1.0,NPi2020_400_v3,Middle East + Africa,Renewables,EJ/yr,2050,15.6288849375,4.0135975843,0,95.9864024157,8.2119411502,120.5105654064,0,#WERT!,#WERT!,128.7225065566,34824.1632363572,511045.990787629,0,#WERT!,,545870.154023986
265,MESSAGEix-GLOBIOM_1.0,NPi2020_400_v3,Middle East + Africa,Renewables,EJ/yr,2060,28.7736446288,3.8192874575,0.9284966834,95.2522158591,7.6226584987,118.1692617338,0.6273484125,#WERT!,#WERT!,126.419268645,61176.725099302,948384.142027503,5034.8735130213,#WERT!,,1014595.74063983
266,MESSAGEix-GLOBIOM_1.0,NPi2020_400_v3,Middle East + Africa,Renewables,EJ/yr,2070,47.879229881,3.7766442272,0,96.2233557728,7.8112646833,125.92016027,0,#WERT!,#WERT!,133.7314249533,104834.189897143,1689961.68084194,0,#WERT!,,1794795.87073908
267,MESSAGEix-GLOBIOM_1.0,NPi2020_400_v3,Middle East + Africa,Renewables,EJ/yr,2080,76.227446451,3.6609890135,0,96.3390109865,7.9421163364,133.2583653439,0,#WERT!,#WERT!,141.2004816803,168406.696572605,2825644.97266876,0,#WERT!,,2994051.66924137
268,MESSAGEix-GLOBIOM_1.0,NPi2020_400_v3,Middle East + Africa,Renewables,EJ/yr,2090,100.848054957,3.5516441998,0,96.4483558002,8.4130638976,148.5877451125,0,#WERT!,#WERT!,157.0008090101,236125.648679197,4170344.85027452,0,#WERT!,,4406470.49895372
269,MESSAGEix-GLOBIOM_1.0,NPi2020_400_v3,Middle East + Africa,Renewables,EJ/yr,2100,134.9901492019,3.4615691372,0,96.5384308628,8.9411308392,164.5415338016,0,#WERT!,#WERT!,173.4826646408,335875.467131069,6181037.44613225,0,#WERT!,,6516912.91326332
270,MESSAGEix-GLOBIOM_1.0,NPi2020_400_v3,Latin America,Fossils,EJ/yr,2020,2.8582165074,1.8127972009,76.9237813123,21.2634214868,,,,,,0,,,,,,0
271,MESSAGEix-GLOBIOM_1.0,NPi2020_400_v3,Latin America,Fossils,EJ/yr,2030,1.8259243265,1.4154869642,81.1843517663,17.4001612695,3.0058783775,24.130641026,62.328270575,56.9686844689,5.3595861061,89.4647899785,1616.6296303393,12978.0065535204,33521.5588811437,30639.0518008661,2882.5070802777,48116.1950650034
272,MESSAGEix-GLOBIOM_1.0,NPi2020_400_v3,Latin America,Fossils,EJ/yr,2040,2.512187568,0.9337351281,83.6258455232,15.4404193487,3.602601312,33.9867637611,87.5766468274,85.1637335802,2.4129132471,125.1660119005,2641.3334210151,24918.2097099863,64208.9157614406,62439.8306338645,1769.0851275761,91768.458892442
273,MESSAGEix-GLOBIOM_1.0,NPi2020_400_v3,Latin America,Fossils,EJ/yr,2050,1.4445784192,0.6226692999,89.8760427058,9.5012879943,4.2244648051,44.3799079701,133.4876301979,129.5404303603,3.9471998375,182.0920029731,2415.0463201571,25371.1507555876,76312.3436856669,74055.8044831032,2256.5392025637,104098.540761412
274,MESSAGEix-GLOBIOM_1.0,NPi2020_400_v3,Latin America,Fossils,EJ/yr,2060,0.8076105109,4.8944360323,0.0450704734,95.0604934944,8.5823931981,92.2071933734,207.5548797583,200.3033633211,7.2515164373,308.3444663298,2593.7239981358,27866.3543760426,62726.1021642704,60534.5884719915,2191.513692279,93186.1805384488
275,MESSAGEix-GLOBIOM_1.0,NPi2020_400_v3,Latin America,Fossils,EJ/yr,2070,0.5570998958,4.8567059036,0,95.1432940964,13.3066315951,154.9271818199,288.3342047621,276.0069255558,12.3272792063,456.5680181771,2553.780352335,29733.2942710308,55336.4855533551,52970.6604224934,2365.8251308616,87623.5601767209
276,MESSAGEix-GLOBIOM_1.0,NPi2020_400_v3,Latin America,Fossils,EJ/yr,2080,0.5076196124,0.4716172598,91.1314359011,8.3969468391,17.7580749722,220.9293821552,460.2873300313,437.5873182272,22.7000118041,698.9747871587,2528.6826366626,31459.5074893567,65543.1729592529,62310.7772299331,3232.3957293198,99531.3630852722
277,MESSAGEix-GLOBIOM_1.0,NPi2020_400_v3,Latin America,Fossils,EJ/yr,2090,0.1486444836,0,0,0,39.9295953453,510.4689706892,726.3592043888,667.5794226309,58.7797817578,1276.7577704233,2117.7978259776,27074.4060140605,38524.8568294379,35407.2771760047,3117.5796534332,67717.060669476
278,MESSAGEix-GLOBIOM_1.0,NPi2020_400_v3,Latin America,Fossils,EJ/yr,2100,0,4.9206838598,0,95.0793161402,inf,inf,,#WERT!,#WERT!,inf,2169.3259742322,28008.5008565403,0,0,0,30177.8268307725
279,MESSAGEix-GLOBIOM_1.0,NPi2020_400_v3,Latin America,Renewables,EJ/yr,2020,3.1446775092,5.1979435585,0,94.8020564415,,,,#WERT!,#WERT!,0,0,0,0,#WERT!,,0
280,MESSAGEix-GLOBIOM_1.0,NPi2020_400_v3,Latin America,Renewables,EJ/yr,2030,6.2385841387,4.688700283,0.396046334,94.915253383,10.2438093798,97.7037494759,0.7220958223,#WERT!,#WERT!,108.669654678,16299.489589282,155461.819756055,1148.9664539022,#WERT!,,172910.275799239
281,MESSAGEix-GLOBIOM_1.0,NPi2020_400_v3,Latin America,Renewables,EJ/yr,2040,10.2122531023,3.6194917428,0,96.3805082572,9.1019769019,112.0276730957,0.0444455853,#WERT!,#WERT!,121.1740955829,24953.8121907715,307133.004700356,121.8511978298,#WERT!,,332208.668088957
282,MESSAGEix-GLOBIOM_1.0,NPi2020_400_v3,Latin America,Renewables,EJ/yr,2050,13.4350731391,3.3954367857,2.2955573636,94.3090058508,8.3826967879,115.457251573,0.7331114201,#WERT!,#WERT!,124.573059781,31569.6721177393,434818.014776399,2760.935740037,#WERT!,,469148.622634175
283,MESSAGEix-GLOBIOM_1.0,NPi2020_400_v3,Latin America,Renewables,EJ/yr,2060,16.0884903452,2.9929996646,23.3919450067,73.6150553287,8.0563078203,114.9529000248,9.4570427829,#WERT!,#WERT!,132.466250628,38513.1048573963,549531.273018897,45209.3053623188,#WERT!,,633253.683238612
284,MESSAGEix-GLOBIOM_1.0,NPi2020_400_v3,Latin America,Renewables,EJ/yr,2070,20.9117740041,3.2878012797,0,96.7121987203,8.0082246195,118.9036375447,6.4566746178,#WERT!,#WERT!,133.368536782,49173.2621520268,730109.358523294,39646.2098279041,#WERT!,,818928.830503225
285,MESSAGEix-GLOBIOM_1.0,NPi2020_400_v3,Latin America,Renewables,EJ/yr,2080,27.7358918846,3.1714354599,0,96.8285645401,8.075565822,125.6744855774,3.3853778572,#WERT!,#WERT!,137.1354292566,63388.4343100754,986470.675751158,26573.2218206151,#WERT!,,1076432.33188185
286,MESSAGEix-GLOBIOM_1.0,NPi2020_400_v3,Latin America,Renewables,EJ/yr,2090,40.9508024263,3.1925264305,0.0749843519,96.7324892176,7.8139322983,136.4585132561,0.0268226511,#WERT!,#WERT!,144.2992682055,86596.2537665196,1512272.64216845,297.2563640145,#WERT!,,1599166.15229898
287,MESSAGEix-GLOBIOM_1.0,NPi2020_400_v3,Latin America,Renewables,EJ/yr,2100,46.543616578,3.3615904959,0,96.6384095041,8.0082280019,142.2172768682,0.0337224779,#WERT!,#WERT!,150.259227348,98210.7073582277,1744113.59871602,413.5632014839,#WERT!,,1842737.86927573
288,MESSAGEix-GLOBIOM_1.0,NPi2020_400_v3,Central Asia,Fossils,EJ/yr,2020,4.3218146796,2.2656884435,63.6736941443,34.0606174122,,,,,,0,,,,,,0
289,MESSAGEix-GLOBIOM_1.0,NPi2020_400_v3,Central Asia,Fossils,EJ/yr,2030,3.1746946765,1.2102990348,82.9767742148,15.8129267505,3.7357187702,34.6522431905,60.3345550001,55.7043405423,4.6302144579,98.7225169608,4438.4358349474,41170.5932381946,71683.9428968295,66182.7499436895,5501.19295314,117292.971969971
290,MESSAGEix-GLOBIOM_1.0,NPi2020_400_v3,Central Asia,Fossils,EJ/yr,2040,2.3430886628,0.4886774655,92.6245787527,6.8867437818,3.5217531361,35.0700054281,86.972814107,85.9092278097,1.0635862972,125.5645726712,3693.8009568446,36783.2765673486,91221.6874816259,90106.1419193347,1115.5455622912,131698.765005819
291,MESSAGEix-GLOBIOM_1.0,NPi2020_400_v3,Central Asia,Fossils,EJ/yr,2050,1.049887469,1.7457525007,65.0801560989,33.1740914004,4.4967308088,49.2224927554,129.9289474657,128.1505813212,1.7783661445,183.6481710299,2752.5872113824,30130.6015038493,79533.5043139317,78444.9117086331,1088.5926052986,112416.693029163
292,MESSAGEix-GLOBIOM_1.0,NPi2020_400_v3,Central Asia,Fossils,EJ/yr,2060,0.1099874787,0.724735366,93.0784862618,6.1967783722,7.6352790137,89.4508919132,213.0841334082,213.0841189442,0.000014464,310.1703043351,1726.7516985668,20229.7099126666,48189.9074860016,48189.904214899,0.0032711025,70146.369097235
293,MESSAGEix-GLOBIOM_1.0,NPi2020_400_v3,Central Asia,Fossils,EJ/yr,2070,0.0150376621,0.142360122,98.0848376442,1.7728022338,11.7415414676,143.8155969415,304.9883844234,304.9883844234,0,460.5455228325,855.87281305,10483.1090410722,22231.4307916879,22231.4307916879,0,33570.4126458101
294,MESSAGEix-GLOBIOM_1.0,NPi2020_400_v3,Central Asia,Fossils,EJ/yr,2080,0.0003430669,1.6323271041,66.7324260754,31.6352468205,28.7010041153,367.7701306368,470.5580960038,470.5580960038,0,867.0292307559,610.9288672671,7828.345949911,10016.2880511007,10016.2880511007,0,18455.5628682788
295,MESSAGEix-GLOBIOM_1.0,NPi2020_400_v3,Central Asia,Fossils,EJ/yr,2090,0.0002054068,0,0,0,482.0047936683,6361.2963790377,732.5017453922,732.5017453922,0,7575.8029180982,550.3131591269,7262.8014336716,836.3098352298,836.3098352298,0,8649.4244280283
296,MESSAGEix-GLOBIOM_1.0,NPi2020_400_v3,Central Asia,Fossils,EJ/yr,2100,0.0001229846,0,0,0,inf,inf,,#WERT!,#WERT!,inf,348.3619816661,4606.119535363,0,0,0,4954.4815170291
297,MESSAGEix-GLOBIOM_1.0,NPi2020_400_v3,Central Asia,Renewables,EJ/yr,2020,1.0210439916,5.3947358462,0,94.6052641538,,,,#WERT!,#WERT!,0,0,0,0,#WERT!,,0
298,MESSAGEix-GLOBIOM_1.0,NPi2020_400_v3,Central Asia,Renewables,EJ/yr,2030,3.2770982165,4.9673281447,0.110819872,94.9218519834,13.2384665032,127.3235744823,0.6170629618,#WERT!,#WERT!,141.1791039473,14671.8019611381,141108.962230804,683.8726805099,#WERT!,,156464.636872452
299,MESSAGEix-GLOBIOM_1.0,NPi2020_400_v3,Central Asia,Renewables,EJ/yr,2040,6.053477518,4.6789887945,0,95.3210112055,12.7506756178,123.4327465372,0,#WERT!,#WERT!,136.183422155,23918.2479380468,231540.282558594,0,#WERT!,,255458.530496641
300,MESSAGEix-GLOBIOM_1.0,NPi2020_400_v3,Central Asia,Renewables,EJ/yr,2050,7.8912320847,3.913177575,0,96.086822425,11.9140184896,122.3765225065,0,#WERT!,#WERT!,134.2905409961,28004.3962364627,287651.108590734,0,#WERT!,,315655.504827197
301,MESSAGEix-GLOBIOM_1.0,NPi2020_400_v3,Central Asia,Renewables,EJ/yr,2060,10.308452036,4.3174620291,0,95.6825379709,12.0083536047,126.9212809319,0,#WERT!,#WERT!,138.9296345366,37618.4632755282,397605.17576225,0,#WERT!,,435223.639037778
302,MESSAGEix-GLOBIOM_1.0,NPi2020_400_v3,Central Asia,Renewables,EJ/yr,2070,14.1181634787,3.8730619201,0,96.1269380799,11.3637802194,133.3776498221,0,#WERT!,#WERT!,144.7414300415,52044.4335639267,610849.919748614,0,#WERT!,,662894.353312541
303,MESSAGEix-GLOBIOM_1.0,NPi2020_400_v3,Central Asia,Renewables,EJ/yr,2080,16.5161815625,3.2973803278,0,96.7026196722,10.8637534498,138.2401619328,0,#WERT!,#WERT!,149.1039153826,61079.3404142745,777228.418211283,0,#WERT!,,838307.758625557
304,MESSAGEix-GLOBIOM_1.0,NPi2020_400_v3,Central Asia,Renewables,EJ/yr,2090,18.4710054891,3.3698285521,0,96.6301714479,10.359692649,148.6080697412,0,#WERT!,#WERT!,158.9677623902,58989.0905289039,846188.702338047,0,#WERT!,,905177.792866951
305,MESSAGEix-GLOBIOM_1.0,NPi2020_400_v3,Central Asia,Renewables,EJ/yr,2100,20.2016681144,3.6902974539,0,96.3097025461,9.8854357071,147.339618592,0,#WERT!,#WERT!,157.2250542991,67489.7419758399,1005915.48377257,0,#WERT!,,1073405.22574841
306,MESSAGEix-GLOBIOM_1.0,NPi2020_400_v3,OECD90 + EU,Fossils,EJ/yr,2020,22.399548332,2.2099871371,61.4331646355,36.3568482274,,,,,,0,,,,,,0
307,MESSAGEix-GLOBIOM_1.0,NPi2020_400_v3,OECD90 + EU,Fossils,EJ/yr,2030,19.9406353314,1.0630565059,83.3059555013,15.6309879927,4.4203777432,47.2285927365,67.8726090231,59.8670312632,8.0055777599,119.5215795028,23207.1559687292,247951.958293234,356333.850886441,314304.254664706,42029.5962217353,627492.965148404
308,MESSAGEix-GLOBIOM_1.0,NPi2020_400_v3,OECD90 + EU,Fossils,EJ/yr,2040,19.8553050379,1.123904222,84.1278689672,14.7482268108,5.3948102836,54.8807344685,98.3982126147,95.4065309225,2.9916816922,158.6737573668,27995.8498116086,284798.300395964,510628.073513194,495103.028713464,15525.0447997295,823422.223720767
309,MESSAGEix-GLOBIOM_1.0,NPi2020_400_v3,OECD90 + EU,Fossils,EJ/yr,2050,17.4532805214,0.4875665126,91.9796288116,7.5328046757,3.6846842927,38.1528182846,141.0374500603,136.6728921899,4.3645578703,182.8749526376,16442.0481061327,170248.09285712,629346.873278664,609871.047192951,19475.8260857133,816037.014241917
310,MESSAGEix-GLOBIOM_1.0,NPi2020_400_v3,OECD90 + EU,Fossils,EJ/yr,2060,11.8738689595,0.3425479233,95.3247099321,4.3327421447,3.0355296497,29.367690177,208.5887289305,201.3666503641,7.2220785664,240.9919487572,9369.7824614111,90649.3759282356,643851.72920423,621559.308145643,22292.4210585868,743870.887593877
311,MESSAGEix-GLOBIOM_1.0,NPi2020_400_v3,OECD90 + EU,Fossils,EJ/yr,2070,5.0310223243,0.2446480327,96.6063177998,3.1490341675,2.2720634621,18.8288634287,317.008534234,306.1129081558,10.8956260782,338.1094611248,3382.1533814763,28028.3122273662,471893.28287877,455674.247099596,16219.0357791741,503303.748487613
312,MESSAGEix-GLOBIOM_1.0,NPi2020_400_v3,OECD90 + EU,Fossils,EJ/yr,2080,1.142906476,0.2404692698,96.7145968807,3.0449338495,3.2500523384,27.2917216444,471.337516331,455.3562249538,15.9812913773,501.8792903138,1359.8246258201,11418.8792389789,197208.012375237,190521.426651634,6686.5857236028,209986.716240036
313,MESSAGEix-GLOBIOM_1.0,NPi2020_400_v3,OECD90 + EU,Fossils,EJ/yr,2090,0.0919729224,0.3013309945,95.9436322609,3.7550367446,6.4414717986,54.0815236421,729.1177364286,719.1665940675,9.9511423611,789.6407318693,723.8336,6077.1862666667,81931.5728589133,80813.3546279602,1118.2182309531,88732.59272558
314,MESSAGEix-GLOBIOM_1.0,NPi2020_400_v3,OECD90 + EU,Fossils,EJ/yr,2100,0.0191141144,0.2227772631,97.0574657122,2.7197570247,9.0533757825,75.633405664,1136.2391338528,1130.8742798589,5.3648539939,1220.9259152993,716.9192181631,5989.2622772059,89976.5668691379,89551.7345167359,424.832352402,96682.7483645069
315,MESSAGEix-GLOBIOM_1.0,NPi2020_400_v3,OECD90 + EU,Renewables,EJ/yr,2020,11.4173063635,3.5163906321,0,96.4836093679,,,,#WERT!,#WERT!,0,0,0,0,#WERT!,,0
316,MESSAGEix-GLOBIOM_1.0,NPi2020_400_v3,OECD90 + EU,Renewables,EJ/yr,2030,15.9773189968,4.3038070646,0.355381159,95.3408117765,10.8016415033,146.5812246151,0.1150260283,#WERT!,#WERT!,157.4978921467,40522.7151818721,549904.309845276,431.5239477541,#WERT!,,590858.548974902
317,MESSAGEix-GLOBIOM_1.0,NPi2020_400_v3,OECD90 + EU,Renewables,EJ/yr,2040,24.018227404,4.2761277302,0,95.7238722698,11.0683055998,153.4874671859,0.121023486,#WERT!,#WERT!,164.6767962717,67711.0531082414,938969.198882961,740.3687598407,#WERT!,,1007420.62075104
318,MESSAGEix-GLOBIOM_1.0,NPi2020_400_v3,OECD90 + EU,Renewables,EJ/yr,2050,32.756907125,3.3111283221,0.397376286,96.2914953919,10.0570414879,157.5508538312,0.1903783404,#WERT!,#WERT!,167.7982736595,87378.8763365455,1368853.51325296,1654.0694881544,#WERT!,,1457886.45907766
319,MESSAGEix-GLOBIOM_1.0,NPi2020_400_v3,OECD90 + EU,Renewables,EJ/yr,2060,49.078336218,3.3484096156,0,96.6515903844,8.695142319,151.8345253691,0.1238973913,#WERT!,#WERT!,160.6535650794,113813.412719987,1987409.16100921,1621.7313542009,#WERT!,,2102844.3050834
320,MESSAGEix-GLOBIOM_1.0,NPi2020_400_v3,OECD90 + EU,Renewables,EJ/yr,2070,68.990874144,3.2007631161,0.2445777886,96.5546590953,7.9585350994,152.7796906419,0.0850950279,#WERT!,#WERT!,160.8233207692,146071.9581294,2804137.73334564,1561.8448865422,#WERT!,,2951771.53636158
321,MESSAGEix-GLOBIOM_1.0,NPi2020_400_v3,OECD90 + EU,Renewables,EJ/yr,2080,80.874278784,3.0402904674,0,96.9597095326,7.7334021283,150.9247150337,0.1078965686,#WERT!,#WERT!,158.7660137306,164714.257787178,3214555.76809294,2298.0963519361,#WERT!,,3381568.12223205
322,MESSAGEix-GLOBIOM_1.0,NPi2020_400_v3,OECD90 + EU,Renewables,EJ/yr,2090,92.799747426,3.0461001002,0.5413292403,96.4125706595,7.4621987629,147.731471685,0.1873162457,#WERT!,#WERT!,155.3809866936,182852.464995704,3619987.1664376,4589.9658196122,#WERT!,,3807429.59725292
323,MESSAGEix-GLOBIOM_1.0,NPi2020_400_v3,OECD90 + EU,Renewables,EJ/yr,2100,103.235302892,3.2301608469,0,96.7698391531,7.4016106983,146.2820581159,0.2741742415,#WERT!,#WERT!,153.9578430557,201920.046964043,3990655.71653165,7479.6254468855,#WERT!,,4200055.38894258
